Holding,Universe,Faction,Influence,Tech,Magic,Commerce,Production,Recruitment,Agriculture,Agr. Cost,Net Value,Connections
Abyssus,4,Fury Shadow Ascendancy,5,10,10,5,10,5,5,-5,45,Gehenna; Hades; Orcus; Sheol; Tartarus
Adamant,2,Empire Reborn,10,15,5,5,15,5,0,-5,50,Imperial Citadel Alpha; Renewal Station 01; Renewal Station 02; The Grand Ark
Aecor,1,Republic of Caedis,2,1,0,1,1,1,10,-1,15,Imperial Citadel Mu; Imperial Citadel Lambda; Ignis; Nahg; Yb'Barg; Vellia; Earth; Nexus Station; Alpha Hub; Volcano Shipyards
Agricultural Planet 1,6,Universal,0,0,0,0,0,0,5,-1,4,Dyson Sphere 1
Agricultural Planet 10,6,Universal,0,0,0,0,0,0,5,-1,4,Dyson Sphere 10
Agricultural Planet 11,6,Universal,0,0,0,0,0,0,5,-1,4,Dyson Sphere 11
Agricultural Planet 12,6,Universal,0,0,0,0,0,0,5,-1,4,Dyson Sphere 12
Agricultural Planet 13,6,Universal,0,0,0,0,0,0,5,-1,4,Dyson Sphere 13
Agricultural Planet 14,6,Universal,0,0,0,0,0,0,5,-1,4,Dyson Sphere 14
Agricultural Planet 15,6,Universal,0,0,0,0,0,0,5,-1,4,Dyson Sphere 15
Agricultural Planet 16,6,Universal,0,0,0,0,0,0,5,-1,4,Dyson Sphere 16
Agricultural Planet 17,6,Universal,0,0,0,0,0,0,5,-1,4,Dyson Sphere 17
Agricultural Planet 18,6,Universal,0,0,0,0,0,0,5,-1,4,Dyson Sphere 18
Agricultural Planet 19,6,Universal,0,0,0,0,0,0,5,-1,4,Dyson Sphere 19
Agricultural Planet 2,6,Universal,0,0,0,0,0,0,5,-1,4,Dyson Sphere 2
Agricultural Planet 20,6,Universal,0,0,0,0,0,0,5,-1,4,Dyson Sphere 20
Agricultural Planet 3,6,Universal,0,0,0,0,0,0,5,-1,4,Dyson Sphere 3
Agricultural Planet 4,6,Universal,0,0,0,0,0,0,5,-1,4,Dyson Sphere 4
Agricultural Planet 5,6,Universal,0,0,0,0,0,0,5,-1,4,Dyson Sphere 5
Agricultural Planet 6,6,Universal,0,0,0,0,0,0,5,-1,4,Dyson Sphere 6
Agricultural Planet 7,6,Universal,0,0,0,0,0,0,5,-1,4,Dyson Sphere 7
Agricultural Planet 8,6,Universal,0,0,0,0,0,0,5,-1,4,Dyson Sphere 8
Agricultural Planet 9,6,Universal,0,0,0,0,0,0,5,-1,4,Dyson Sphere 9
Alpha Hub,1,Vashtae Empire,10,0,0,10,0,0,0,0,20,Myria; Clypeum; Umbra; Orolin; Leirrah; Erosia; Concinnae; Savitas; Vellia; Aecor; Ignis; Ira; Invidia; The Colonies; Temple of Caedis
Asgard,14,Imperator's Hand,5,5,10,3,5,3,0,0,31,Imperial Outpost D-1; Nexus Station
Beta Hub,5,Hand of the Nagus,10,0,0,10,0,0,0,0,20,Mecha-Genesis; New Cylonia
Blackforge 1,2,Dark Empire,2,5,2,2,10,5,1,-2,25,Blackforge 2; Blackforge 3; Blackforge 5; Blackforge 7; Blackforge 9; Blackhold
Blackforge 10,2,Dark Empire,2,5,2,2,10,5,1,-2,25,Blackforge 2; Blackforge 4; Blackforge 6; Blackforge 8; Imperial Citadel Mu
Blackforge 2,2,Dark Empire,2,5,2,2,10,5,1,-2,25,Blackforge 1; Blackforge 4; Blackforge 6; Blackforge 8; Blackforge 10; Blackhold
Blackforge 3,2,Dark Empire,2,5,2,2,10,5,1,-2,25,Blackforge 1; Blackforge 4; Blackforge 5; Blackforge 7; Blackforge 9; Blackhold
Blackforge 4,2,Dark Empire,2,5,2,2,10,5,1,-2,25,Blackforge 2; Blackforge 3; Blackforge 6; Blackforge 8; Blackforge 10; Blackhold
Blackforge 5,2,Dark Empire,2,5,2,2,10,5,1,-2,25,Blackforge 1; Blackforge 3; Blackforge 6; Blackforge 7; Blackforge 9; Imperial Citadel Beta
Blackforge 6,2,Dark Empire,2,5,2,2,10,5,1,-2,25,Blackforge 2; Blackforge 4; Blackforge 5; Blackforge 8; Blackforge 10; Imperial Citadel Delta
Blackforge 7,2,Dark Empire,2,5,2,2,10,5,1,-2,25,Blackforge 1; Blackforge 3; Blackforge 5; Blackforge 8; Blackforge 9; Earth 3; Fury Base Epsilon; Fury Base Kappa; Imperial Citadel Zeta; Imperial Outpost A-3; Phoenix Research Station 3
Blackforge 8,2,Dark Empire,2,5,2,2,10,5,1,-2,25,Blackforge 2; Blackforge 4; Blackforge 6; Blackforge 7; Blackforge 10; Imperial Citadel Theta
Blackforge 9,2,Dark Empire,2,5,2,2,10,5,1,-2,25,Blackforge 1; Blackforge 3; Blackforge 5; Blackforge 7; Imperial Citadel Kappa
Blackhearth,2,Dark Empire,5,0,1,3,0,3,15,-1,26,Blackhold; Imperial Citadel Omega
Blackhold,2,Dark Empire,10,10,5,0,10,5,0,-5,35,Blackforge 1; Blackforge 2; Blackforge 3; Blackforge 4; Blackhearth; Queensland
Cluster001 - Agricultural World,5,Hand of the Nagus,0,0,0,1,0,1,7,-1,8,Cluster001 - Banking World; Cluster001 - Cloning Facility; Cluster001 - Cultural Center; Cluster001 - Military Academy; Cluster001 - Mining World; Cluster001 - Research Station
Cluster001 - Banking World,5,Hand of the Nagus,3,2,0,10,0,0,0,-1,14,Cluster001 - Agricultural World; Cluster001 - Cloning Facility; Cluster001 - Cultural Center; Cluster001 - Military Academy; Cluster001 - Mining World; Cluster001 - Research Station
Cluster001 - Cloning Facility,5,Hand of the Nagus,1,3,0,2,2,5,0,-2,11,Cluster001 - Agricultural World; Cluster001 - Banking World; Cluster001 - Cultural Center; Cluster001 - Military Academy; Cluster001 - Mining World; Cluster001 - Research Station
Cluster001 - Cultural Center,5,Hand of the Nagus,3,2,2,3,0,1,1,-1,11,Cluster001 - Agricultural World; Cluster001 - Banking World; Cluster001 - Cloning Facility; Cluster001 - Military Academy; Cluster001 - Mining World; Cluster001 - Research Station
Cluster001 - Military Academy,5,Hand of the Nagus,1,1,1,1,5,3,1,-2,11,Cluster001 - Agricultural World; Cluster001 - Banking World; Cluster001 - Cloning Facility; Cluster001 - Cultural Center; Cluster001 - Mining World; Cluster001 - Research Station; Cluster002 - Military Academy; Cluster003 - Military Academy; Cluster004 - Military Academy; Mecha-Genesis
Cluster001 - Mining World,5,Hand of the Nagus,0,0,0,2,5,0,0,0,7,Cluster001 - Agricultural World; Cluster001 - Banking World; Cluster001 - Cloning Facility; Cluster001 - Cultural Center; Cluster001 - Military Academy; Cluster001 - Research Station
Cluster001 - Research Station,5,Hand of the Nagus,1,5,3,3,0,0,0,-1,11,Cluster001 - Agricultural World; Cluster001 - Banking World; Cluster001 - Cloning Facility; Cluster001 - Cultural Center; Cluster001 - Military Academy; Cluster001 - Mining World
Cluster002 - Agricultural World,5,Hand of the Nagus,0,0,0,1,0,1,7,-1,8,Cluster002 - Banking World; Cluster002 - Cloning Facility; Cluster002 - Cultural Center; Cluster002 - Military Academy; Cluster002 - Mining World; Cluster002 - Research Station
Cluster002 - Banking World,5,Hand of the Nagus,3,2,0,10,0,0,0,-1,14,Cluster002 - Agricultural World; Cluster002 - Cloning Facility; Cluster002 - Cultural Center; Cluster002 - Military Academy; Cluster002 - Mining World; Cluster002 - Research Station
Cluster002 - Cloning Facility,5,Hand of the Nagus,1,3,0,2,2,5,0,-2,11,Cluster002 - Agricultural World; Cluster002 - Banking World; Cluster002 - Cultural Center; Cluster002 - Military Academy; Cluster002 - Mining World; Cluster002 - Research Station
Cluster002 - Cultural Center,5,Hand of the Nagus,3,2,2,3,0,1,1,-1,11,Cluster002 - Agricultural World; Cluster002 - Banking World; Cluster002 - Cloning Facility; Cluster002 - Military Academy; Cluster002 - Mining World; Cluster002 - Research Station
Cluster002 - Military Academy,5,Hand of the Nagus,1,1,1,1,5,3,1,-2,11,Cluster001 - Military Academy; Cluster002 - Agricultural World; Cluster002 - Banking World; Cluster002 - Cloning Facility; Cluster002 - Cultural Center; Cluster002 - Mining World; Cluster002 - Research Station; Cluster004 - Military Academy; Cluster005 - Military Academy; Mecha-Genesis
Cluster002 - Mining World,5,Hand of the Nagus,0,0,0,2,5,0,0,0,7,Cluster002 - Agricultural World; Cluster002 - Banking World; Cluster002 - Cloning Facility; Cluster002 - Cultural Center; Cluster002 - Military Academy; Cluster002 - Research Station
Cluster002 - Research Station,5,Hand of the Nagus,1,5,3,3,0,0,0,-1,11,Cluster002 - Agricultural World; Cluster002 - Banking World; Cluster002 - Cloning Facility; Cluster002 - Cultural Center; Cluster002 - Military Academy; Cluster002 - Mining World
Cluster003 - Agricultural World,5,Hand of the Nagus,0,0,0,1,0,1,7,-1,8,Cluster003 - Banking World; Cluster003 - Cloning Facility; Cluster003 - Cultural Center; Cluster003 - Military Academy; Cluster003 - Mining World; Cluster003 - Research Station
Cluster003 - Banking World,5,Hand of the Nagus,3,2,0,10,0,0,0,-1,14,Cluster003 - Agricultural World; Cluster003 - Cloning Facility; Cluster003 - Cultural Center; Cluster003 - Military Academy; Cluster003 - Mining World; Cluster003 - Research Station
Cluster003 - Cloning Facility,5,Hand of the Nagus,1,3,0,2,2,5,0,-2,11,Cluster003 - Agricultural World; Cluster003 - Banking World; Cluster003 - Cultural Center; Cluster003 - Military Academy; Cluster003 - Mining World; Cluster003 - Research Station
Cluster003 - Cultural Center,5,Hand of the Nagus,3,2,2,3,0,1,1,-1,11,Cluster003 - Agricultural World; Cluster003 - Banking World; Cluster003 - Cloning Facility; Cluster003 - Military Academy; Cluster003 - Mining World; Cluster003 - Research Station
Cluster003 - Military Academy,5,Hand of the Nagus,1,1,1,1,5,3,1,-2,11,Cluster001 - Military Academy; Cluster003 - Agricultural World; Cluster003 - Banking World; Cluster003 - Cloning Facility; Cluster003 - Cultural Center; Cluster003 - Mining World; Cluster003 - Research Station; Cluster004 - Military Academy; Cluster006 - Military Academy
Cluster003 - Mining World,5,Hand of the Nagus,0,0,0,2,5,0,0,0,7,Cluster003 - Agricultural World; Cluster003 - Banking World; Cluster003 - Cloning Facility; Cluster003 - Cultural Center; Cluster003 - Military Academy; Cluster003 - Research Station
Cluster003 - Research Station,5,Hand of the Nagus,1,5,3,3,0,0,0,-1,11,Cluster003 - Agricultural World; Cluster003 - Banking World; Cluster003 - Cloning Facility; Cluster003 - Cultural Center; Cluster003 - Military Academy; Cluster003 - Mining World
Cluster004 - Agricultural World,5,Hand of the Nagus,0,0,0,1,0,1,7,-1,8,Cluster004 - Banking World; Cluster004 - Cloning Facility; Cluster004 - Cultural Center; Cluster004 - Military Academy; Cluster004 - Mining World; Cluster004 - Research Station
Cluster004 - Banking World,5,Hand of the Nagus,3,2,0,10,0,0,0,-1,14,Cluster004 - Agricultural World; Cluster004 - Cloning Facility; Cluster004 - Cultural Center; Cluster004 - Military Academy; Cluster004 - Mining World; Cluster004 - Research Station
Cluster004 - Cloning Facility,5,Hand of the Nagus,1,3,0,2,2,5,0,-2,11,Cluster004 - Agricultural World; Cluster004 - Banking World; Cluster004 - Cultural Center; Cluster004 - Military Academy; Cluster004 - Mining World; Cluster004 - Research Station
Cluster004 - Cultural Center,5,Hand of the Nagus,3,2,2,3,0,1,1,-1,11,Cluster004 - Agricultural World; Cluster004 - Banking World; Cluster004 - Cloning Facility; Cluster004 - Military Academy; Cluster004 - Mining World; Cluster004 - Research Station
Cluster004 - Military Academy,5,Hand of the Nagus,1,1,1,1,5,3,1,-2,11,Cluster001 - Military Academy; Cluster002 - Military Academy; Cluster003 - Military Academy; Cluster004 - Agricultural World; Cluster004 - Banking World; Cluster004 - Cloning Facility; Cluster004 - Cultural Center; Cluster004 - Mining World; Cluster004 - Research Station; Cluster005 - Military Academy; Cluster006 - Military Academy; Cluster007 - Military Academy
Cluster004 - Mining World,5,Hand of the Nagus,0,0,0,2,5,0,0,0,7,Cluster004 - Agricultural World; Cluster004 - Banking World; Cluster004 - Cloning Facility; Cluster004 - Cultural Center; Cluster004 - Military Academy; Cluster004 - Research Station
Cluster004 - Research Station,5,Hand of the Nagus,1,5,3,3,0,0,0,-1,11,Cluster004 - Agricultural World; Cluster004 - Banking World; Cluster004 - Cloning Facility; Cluster004 - Cultural Center; Cluster004 - Military Academy; Cluster004 - Mining World
Cluster005 - Agricultural World,5,Hand of the Nagus,0,0,0,1,0,1,7,-1,8,Cluster005 - Banking World; Cluster005 - Cloning Facility; Cluster005 - Cultural Center; Cluster005 - Military Academy; Cluster005 - Mining World; Cluster005 - Research Station
Cluster005 - Banking World,5,Hand of the Nagus,3,2,0,10,0,0,0,-1,14,Cluster005 - Agricultural World; Cluster005 - Cloning Facility; Cluster005 - Cultural Center; Cluster005 - Military Academy; Cluster005 - Mining World; Cluster005 - Research Station
Cluster005 - Cloning Facility,5,Hand of the Nagus,1,3,0,2,2,5,0,-2,11,Cluster005 - Agricultural World; Cluster005 - Banking World; Cluster005 - Cultural Center; Cluster005 - Military Academy; Cluster005 - Mining World; Cluster005 - Research Station
Cluster005 - Cultural Center,5,Hand of the Nagus,3,2,2,3,0,1,1,-1,11,Cluster005 - Agricultural World; Cluster005 - Banking World; Cluster005 - Cloning Facility; Cluster005 - Military Academy; Cluster005 - Mining World; Cluster005 - Research Station
Cluster005 - Military Academy,5,Hand of the Nagus,1,1,1,1,5,3,1,-2,11,Cluster002 - Military Academy; Cluster004 - Military Academy; Cluster005 - Agricultural World; Cluster005 - Banking World; Cluster005 - Cloning Facility; Cluster005 - Cultural Center; Cluster005 - Mining World; Cluster005 - Research Station; Cluster007 - Military Academy
Cluster005 - Mining World,5,Hand of the Nagus,0,0,0,2,5,0,0,0,7,Cluster005 - Agricultural World; Cluster005 - Banking World; Cluster005 - Cloning Facility; Cluster005 - Cultural Center; Cluster005 - Military Academy; Cluster005 - Research Station
Cluster005 - Research Station,5,Hand of the Nagus,1,5,3,3,0,0,0,-1,11,Cluster005 - Agricultural World; Cluster005 - Banking World; Cluster005 - Cloning Facility; Cluster005 - Cultural Center; Cluster005 - Military Academy; Cluster005 - Mining World
Cluster006 - Agricultural World,5,Hand of the Nagus,0,0,0,1,0,1,7,-1,8,Cluster006 - Banking World; Cluster006 - Cloning Facility; Cluster006 - Cultural Center; Cluster006 - Military Academy; Cluster006 - Mining World; Cluster006 - Research Station
Cluster006 - Banking World,5,Hand of the Nagus,3,2,0,10,0,0,0,-1,14,Cluster006 - Agricultural World; Cluster006 - Cloning Facility; Cluster006 - Cultural Center; Cluster006 - Military Academy; Cluster006 - Mining World; Cluster006 - Research Station
Cluster006 - Cloning Facility,5,Hand of the Nagus,1,3,0,2,2,5,0,-2,11,Cluster006 - Agricultural World; Cluster006 - Banking World; Cluster006 - Cultural Center; Cluster006 - Military Academy; Cluster006 - Mining World; Cluster006 - Research Station
Cluster006 - Cultural Center,5,Hand of the Nagus,3,2,2,3,0,1,1,-1,11,Cluster006 - Agricultural World; Cluster006 - Banking World; Cluster006 - Cloning Facility; Cluster006 - Military Academy; Cluster006 - Mining World; Cluster006 - Research Station
Cluster006 - Military Academy,5,Hand of the Nagus,1,1,1,1,5,3,1,-2,11,Cluster003 - Military Academy; Cluster004 - Military Academy; Cluster006 - Agricultural World; Cluster006 - Banking World; Cluster006 - Cloning Facility; Cluster006 - Cultural Center; Cluster006 - Mining World; Cluster006 - Research Station; Cluster007 - Military Academy
Cluster006 - Mining World,5,Hand of the Nagus,0,0,0,2,5,0,0,0,7,Cluster006 - Agricultural World; Cluster006 - Banking World; Cluster006 - Cloning Facility; Cluster006 - Cultural Center; Cluster006 - Military Academy; Cluster006 - Research Station
Cluster006 - Research Station,5,Hand of the Nagus,1,5,3,3,0,0,0,-1,11,Cluster006 - Agricultural World; Cluster006 - Banking World; Cluster006 - Cloning Facility; Cluster006 - Cultural Center; Cluster006 - Military Academy; Cluster006 - Mining World
Cluster007 - Agricultural World,5,Hand of the Nagus,0,0,0,1,0,1,7,-1,8,Cluster007 - Banking World; Cluster007 - Cloning Facility; Cluster007 - Cultural Center; Cluster007 - Military Academy; Cluster007 - Mining World; Cluster007 - Research Station
Cluster007 - Banking World,5,Hand of the Nagus,3,2,0,10,0,0,0,-1,14,Cluster007 - Agricultural World; Cluster007 - Cloning Facility; Cluster007 - Cultural Center; Cluster007 - Military Academy; Cluster007 - Mining World; Cluster007 - Research Station
Cluster007 - Cloning Facility,5,Hand of the Nagus,1,3,0,2,2,5,0,-2,11,Cluster007 - Agricultural World; Cluster007 - Banking World; Cluster007 - Cultural Center; Cluster007 - Military Academy; Cluster007 - Mining World; Cluster007 - Research Station
Cluster007 - Cultural Center,5,Hand of the Nagus,3,2,2,3,0,1,1,-1,11,Cluster007 - Agricultural World; Cluster007 - Banking World; Cluster007 - Cloning Facility; Cluster007 - Military Academy; Cluster007 - Mining World; Cluster007 - Research Station
Cluster007 - Military Academy,5,Hand of the Nagus,1,1,1,1,5,3,1,-2,11,Cluster004 - Military Academy; Cluster005 - Military Academy; Cluster006 - Military Academy; Cluster007 - Agricultural World; Cluster007 - Banking World; Cluster007 - Cloning Facility; Cluster007 - Cultural Center; Cluster007 - Mining World; Cluster007 - Research Station
Cluster007 - Mining World,5,Hand of the Nagus,0,0,0,2,5,0,0,0,7,Cluster007 - Agricultural World; Cluster007 - Banking World; Cluster007 - Cloning Facility; Cluster007 - Cultural Center; Cluster007 - Military Academy; Cluster007 - Research Station
Cluster007 - Research Station,5,Hand of the Nagus,1,5,3,3,0,0,0,-1,11,Cluster007 - Agricultural World; Cluster007 - Banking World; Cluster007 - Cloning Facility; Cluster007 - Cultural Center; Cluster007 - Military Academy; Cluster007 - Mining World
Clypeum,1,Imperator's Hand,3,5,1,1,10,5,1,-2,24,Imperial Citadel Upsilon; Imperial Citadel Tau; Umbra; Sumosi; Invidia; Earth; Nexus Station; Alpha Hub; Volcano Shipyards
Concinnae,1,Vashtae Empire,2,2,3,4,1,2,5,-1,18,Imperial Citadel Epsilon; Imperial Citadel Zeta; Erosia; Savitas; Yor; Earth; Nexus Station; Alpha Hub; Volcano Shipyards
Dyson Sphere 1,6,Universal,1,3,3,2,5,5,0,-3,16,Agricultural Planet 1; Dyson Sphere 2; Dyson Sphere 20; Universal Brain Node 1
Dyson Sphere 10,6,Universal,1,3,3,2,5,5,0,-3,16,Agricultural Planet 10; Dyson Sphere 9; Dyson Sphere 11; Port of Contact 3
Dyson Sphere 11,6,Universal,1,3,3,2,5,5,0,-3,16,Agricultural Planet 11; Dyson Sphere 10; Dyson Sphere 12; Port of Contact 3
Dyson Sphere 12,6,Universal,1,3,3,2,5,5,0,-3,16,Agricultural Planet 12; Dyson Sphere 11; Dyson Sphere 13; Universal Brain Node 6
Dyson Sphere 13,6,Universal,1,3,3,2,5,5,0,-3,16,Agricultural Planet 13; Dyson Sphere 12; Dyson Sphere 14; Universal Brain Node 7
Dyson Sphere 14,6,Universal,1,3,3,2,5,5,0,-3,16,Agricultural Planet 14; Dyson Sphere 13; Dyson Sphere 15; Port of Contact 4
Dyson Sphere 15,6,Universal,1,3,3,2,5,5,0,-3,16,Agricultural Planet 15; Dyson Sphere 14; Dyson Sphere 16; Port of Contact 4
Dyson Sphere 16,6,Universal,1,3,3,2,5,5,0,-3,16,Agricultural Planet 16; Dyson Sphere 15; Dyson Sphere 17; Universal Brain Node 8
Dyson Sphere 17,6,Universal,1,3,3,2,5,5,0,-3,16,Agricultural Planet 17; Dyson Sphere 16; Dyson Sphere 18; Universal Brain Node 9
Dyson Sphere 18,6,Universal,1,3,3,2,5,5,0,-3,16,Agricultural Planet 18; Dyson Sphere 17; Dyson Sphere 19; Port of Contact 5
Dyson Sphere 19,6,Universal,1,3,3,2,5,5,0,-3,16,Agricultural Planet 19; Dyson Sphere 18; Dyson Sphere 20; Port of Contact 5
Dyson Sphere 2,6,Universal,1,3,3,2,5,5,0,-3,16,Agricultural Planet 2; Dyson Sphere 1; Dyson Sphere 3; Port of Contact 1
Dyson Sphere 20,6,Universal,1,3,3,2,5,5,0,-3,16,Agricultural Planet 20; Dyson Sphere 1; Dyson Sphere 19; Universal Brain Node 10
Dyson Sphere 3,6,Universal,1,3,3,2,5,5,0,-3,16,Agricultural Planet 3; Dyson Sphere 2; Dyson Sphere 4; Port of Contact 1
Dyson Sphere 4,6,Universal,1,3,3,2,5,5,0,-3,16,Agricultural Planet 4; Dyson Sphere 3; Dyson Sphere 5; Universal Brain Node 2
Dyson Sphere 5,6,Universal,1,3,3,2,5,5,0,-3,16,Agricultural Planet 5; Dyson Sphere 4; Dyson Sphere 6; Universal Brain Node 3
Dyson Sphere 6,6,Universal,1,3,3,2,5,5,0,-3,16,Agricultural Planet 6; Dyson Sphere 5; Dyson Sphere 7; Port of Contact 2
Dyson Sphere 7,6,Universal,1,3,3,2,5,5,0,-3,16,Agricultural Planet 7; Dyson Sphere 6; Dyson Sphere 8; Port of Contact 2
Dyson Sphere 8,6,Universal,1,3,3,2,5,5,0,-3,16,Agricultural Planet 8; Dyson Sphere 7; Dyson Sphere 9; Universal Brain Node 4
Dyson Sphere 9,6,Universal,1,3,3,2,5,5,0,-3,16,Agricultural Planet 9; Dyson Sphere 8; Dyson Sphere 10; Universal Brain Node 5
Earth,1,Republic of Caedis,20,10,5,20,10,10,0,-5,70,Myria; Clypeum; Umbra; Orolin; Leirrah; Erosia; Concinnae; Savitas; Vellia; Aecor; Ignis; Ira; Invidia; The Colonies; Temple of Caedis
Earth 2,3,Vashtae Empire,1,4,0,4,4,4,3,-2,18,Earth 3; Nexus Station; Villa
Earth 3,4,Vashtae Empire,1,0,10,2,1,3,3,-2,18,Blackforge 7; Earth 2; Fury Base Epsilon; Fury Base Kappa; Renewal Station 07
Erosia,1,Vashtae Empire,2,2,3,4,1,5,3,-2,18,Imperial Citadel Gamma; Imperial Citadel Delta; Concinnae; Myria; Leirrah; Earth; Nexus Station; Alpha Hub; Volcano Shipyards
Evermore,2,Empire Reborn,10,10,5,5,5,10,10,-5,50,Imperial Citadel Alpha; Renewal Station 03; Renewal Station 04; The Grand Ark
Fury Base Alpha,4,Fury Shadow Ascendancy,0,3,3,2,3,2,1,-1,13,Fury Base Delta; Fury Base Gamma; Fury Base Omega; Orcus
Fury Base Beta,4,Fury Shadow Ascendancy,0,3,3,2,3,2,1,-1,13,Fury Base Delta; Fury Base Epsilon; Sheola
Fury Base Chi,9,Fury Shadow Ascendancy,0,3,3,2,3,2,1,-1,13,Fury Base Tau; Fury Base Upsilon
Fury Base Delta,4,Fury Shadow Ascendancy,0,3,3,2,3,2,1,-1,13,Fury Base Alpha; Fury Base Bravo; Fury Base Lambda; Fury Base Mu; Fury Base Nu; Fury Base Xi
Fury Base Epsilon,4,Fury Shadow Ascendancy,0,3,3,2,3,2,1,-1,13,Blackforge 7; Earth 3; Fury Base Beta; Fury Base Gamma; Renewal Station 07
Fury Base Eta,4,Fury Shadow Ascendancy,0,3,3,2,3,2,1,-1,13,Fury Base Iota; Fury Base Kappa; Gehenna
Fury Base Gamma,4,Fury Shadow Ascendancy,0,3,3,2,3,2,1,-1,13,Fury Base Alpha; Fury Base Epsilon; Hades
Fury Base Iota,4,Fury Shadow Ascendancy,0,3,3,2,3,2,1,-1,13,Fury Base Eta; Fury Base Omicron; Fury Base Pi; Fury Base Rho; Fury Base Sigma; Fury Base Zeta
Fury Base Kappa,4,Fury Shadow Ascendancy,0,3,3,2,3,2,1,-1,13,Blackforge 7; Earth 3; Fury Base Eta; Fury Base Theta; Renewal Station 07
Fury Base Lambda,3,Fury Shadow Ascendancy,0,3,3,2,3,2,1,-1,13,Fury Base Delta; Fury Base Psi; KFG Farm B; KFG Farm C; KFG Mining Outpost 1
Fury Base Mu,14,Fury Shadow Ascendancy,0,3,3,2,3,2,1,-1,13,Fury Base Delta; Fury Base Psi; Imperial Outpost D-3
Fury Base Nu,12,Fury Shadow Ascendancy,0,3,3,2,3,2,1,-1,13,Fury Base Delta; Fury Base Psi; Imperial Outpost I-3
Fury Base Omega,9,Fury Shadow Ascendancy,0,3,3,2,3,2,1,-1,13,Fury Base Alpha; Fury Base Psi; Fury Base Zeta
Fury Base Omicron,10,Fury Shadow Ascendancy,0,3,3,2,3,2,1,-1,13,Fury Base Iota; Fury Base Psi
Fury Base Phi,9,Fury Shadow Ascendancy,0,3,3,2,3,2,1,-1,13,Fury Base Psi; Fury Base Tau; Imperial Outpost A-6; Imperial Outpost A-7
Fury Base Pi,11,Fury Shadow Ascendancy,0,3,3,2,3,2,1,-1,13,Fury Base Iota; Fury Base Psi
Fury Base Psi,9,Fury Shadow Ascendancy,0,3,3,2,3,2,1,-1,13,Fury Base Lambda; Fury Base Mu; Fury Base Nu; Fury Base Omega; Fury Base Omicron; Fury Base Phi; Fury Base Pi; Fury Base Rho; Fury Base Sigma; Fury Base Upsilon; Fury Base Xi
Fury Base Rho,7,Fury Shadow Ascendancy,0,3,3,2,3,2,1,-1,13,Fury Base Iota; Fury Base Psi
Fury Base Sigma,8,Fury Shadow Ascendancy,0,3,3,2,3,2,1,-1,13,Fury Base Iota; Fury Base Psi
Fury Base Tau,9,Fury Shadow Ascendancy,0,3,3,2,3,2,1,-1,13,Fury Base Chi; Fury Base Phi; Phoenix Communication Hub 3
Fury Base Theta,4,Fury Shadow Ascendancy,0,3,3,2,3,2,1,-1,13,Fury Base Kappa; Fury Base Zeta; Tartarus
Fury Base Upsilon,9,Fury Shadow Ascendancy,0,3,3,2,3,2,1,-1,13,Fury Base Chi; Fury Base Psi; Imperial Outpost A-4; Imperial Outpost A-5
Fury Base Xi,13,Fury Shadow Ascendancy,0,3,3,2,3,2,1,-1,13,Fury Base Delta; Fury Base Psi; Imperial Outpost H-2; Imperial Outpost H-3
Fury Base Zeta,4,Fury Shadow Ascendancy,0,3,3,2,3,2,1,-1,13,Fury Base Iota; Fury Base Omega; Fury Base Theta; Orcus
Gehenna,4,Fury Shadow Ascendancy,3,6,6,2,6,3,3,-3,26,Abyssus; Fury Base Eta; Hades; Sheol
Hades,4,Fury Shadow Ascendancy,3,6,6,2,6,3,3,-3,26,Abyssus; Fury Base Gamma; Gehenna; Sheol
Harrka,1,Republic of Caedis,2,3,0,5,4,4,2,-2,18,Imperial Research Station Pi; Imperial Research Station Rho; Harrka; Ira; Invidia; Sumosi; The Colonies
Ignis,1,Imperator's Hand,3,2,3,1,5,5,0,-1,18,Imperial Citadel Nu; Imperial Citadel Xi; Nahg; Harrka; Ira; Aecor; Earth; Nexus Station; Alpha Hub; Volcano Shipyards
Imperial Citadel Alpha,1,Vashtae Empire,3,2,2,1,5,5,0,-1,17,Imperial Civilian Center Alpha-1; Imperial Civilian Center Alpha-2; Imperial Civilian Center Alpha-3; Imperial Civilian Center Alpha-4; Imperial Military Academy Alpha; Imperial Research Station Alpha; Imperial Shipyard Alpha; Imperial Citadel Omega; Imperial Citadel Beta; Leirrah; Adamant; Evermore
Imperial Citadel Beta,1,Vashtae Empire,3,2,2,1,5,5,0,-1,17,Imperial Civilian Center Beta-1; Imperial Civilian Center Beta-2; Imperial Civilian Center Beta-3; Imperial Civilian Center Beta-4; Imperial Military Academy Beta; Imperial Research Station Beta; Imperial Shipyard Beta; Imperial Citadel Alpha; Imperial Citadel Gamma; Leirrah; Blackforge 5
Imperial Citadel Chi,1,Vashtae Empire,3,2,2,1,5,5,0,-1,17,Imperial Civilian Center Chi-1; Imperial Civilian Center Chi-2; Imperial Civilian Center Chi-3; Imperial Civilian Center Chi-4; Imperial Military Academy Chi; Imperial Research Station Chi; Imperial Shipyard Chi; Imperial Citadel Phi; Imperial Citadel Psi; Umbra; Imperial Outpost A-1
Imperial Citadel Delta,1,Vashtae Empire,3,2,2,1,5,5,0,-1,17,Imperial Civilian Center Delta-1; Imperial Civilian Center Delta-2; Imperial Civilian Center Delta-3; Imperial Civilian Center Delta-4; Imperial Military Academy Delta; Imperial Research Station Delta; Imperial Shipyard Delta; Imperial Citadel Gamma; Imperial Citadel Epsilon; Erosia; Blackforge 6
Imperial Citadel Epsilon,1,Vashtae Empire,3,2,2,1,5,5,0,-1,17,Imperial Civilian Center Epsilon-1; Imperial Civilian Center Epsilon-2; Imperial Civilian Center Epsilon-3; Imperial Civilian Center Epsilon-4; Imperial Military Academy Epsilon; Imperial Research Station Epsilon; Imperial Shipyard Epsilon; Imperial Citadel Delta; Imperial Citadel Zeta; Concinnae; Renewal Station 7
Imperial Citadel Eta,1,Imperator's Hand,3,2,2,1,5,5,0,-1,17,Imperial Civilian Center Eta-1; Imperial Civilian Center Eta-2; Imperial Civilian Center Eta-3; Imperial Civilian Center Eta-4; Imperial Military Academy Eta; Imperial Research Station Eta; Imperial Shipyard Eta; Imperial Citadel Zeta; Imperial Citadel Theta; Savitas; Renewal Station 8
Imperial Citadel Gamma,1,Vashtae Empire,3,2,2,1,5,5,0,-1,17,Imperial Civilian Center Gamma-1; Imperial Civilian Center Gamma-2; Imperial Civilian Center Gamma-3; Imperial Civilian Center Gamma-4; Imperial Military Academy Gamma; Imperial Research Station Gamma; Imperial Shipyard Gamma; Imperial Citadel Beta; Imperial Citadel Delta; Erosia; Renewal Station 6
Imperial Citadel Iota,1,Imperator's Hand,3,2,2,1,5,5,0,-1,17,Imperial Civilian Center Iota-1; Imperial Civilian Center Iota-2; Imperial Civilian Center Iota-3; Imperial Civilian Center Iota-4; Imperial Military Academy Iota; Imperial Research Station Iota; Imperial Shipyard Iota; Imperial Citadel Theta; Imperial Citadel Kappa; Vellia; Renewal Station 9
Imperial Citadel Kappa,1,Imperator's Hand,3,2,2,1,5,5,0,-1,17,Imperial Civilian Center Kappa-1; Imperial Civilian Center Kappa-2; Imperial Civilian Center Kappa-3; Imperial Civilian Center Kappa-4; Imperial Military Academy Kappa; Imperial Research Station Kappa; Imperial Shipyard Kappa; Imperial Citadel Iota; Imperial Citadel Lambda; Vellia; Blackforge 9
Imperial Citadel Lambda,1,Imperator's Hand,3,2,2,1,5,5,0,-1,17,Imperial Civilian Center Lambda-1; Imperial Civilian Center Lambda-2; Imperial Civilian Center Lambda-3; Imperial Civilian Center Lambda-4; Imperial Military Academy Lambda; Imperial Research Station Lambda; Imperial Shipyard Lambda; Imperial Citadel Kappa; Imperial Citadel Mu; Aecor; Renewal Station 10
Imperial Citadel Mu,1,Imperator's Hand,3,2,2,1,5,5,0,-1,17,Imperial Civilian Center Mu-1; Imperial Civilian Center Mu-2; Imperial Civilian Center Mu-3; Imperial Civilian Center Mu-4; Imperial Military Academy Mu; Imperial Research Station Mu; Imperial Shipyard Mu; Imperial Citadel Lambda; Imperial Citadel Nu; Aecor; Blackforge 10
Imperial Citadel Nu,1,Imperator's Hand,3,2,2,1,5,5,0,-1,17,Imperial Civilian Center Nu-1; Imperial Civilian Center Nu-2; Imperial Civilian Center Nu-3; Imperial Civilian Center Nu-4; Imperial Military Academy Nu; Imperial Research Station Nu; Imperial Shipyard Nu; Imperial Citadel Mu; Imperial Citadel Xi; Ignis; Imperial Outpost A-10
Imperial Citadel Omega,1,Vashtae Empire,3,2,2,1,5,5,0,-1,17,Imperial Civilian Center Omega-1; Imperial Civilian Center Omega-2; Imperial Civilian Center Omega-3; Imperial Civilian Center Omega-4; Imperial Military Academy Omega; Imperial Research Station Omega; Imperial Shipyard Omega; Imperial Citadel Psi; Imperial Citadel Alpha; Orolin; Blackhearth
Imperial Citadel Omicron,1,Imperator's Hand,3,2,2,1,5,5,0,-1,17,Imperial Civilian Center Omicron-1; Imperial Civilian Center Omicron-2; Imperial Civilian Center Omicron-3; Imperial Civilian Center Omicron-4; Imperial Military Academy Omicron; Imperial Research Station Omicron; Imperial Shipyard Omicron; Imperial Citadel Xi; Imperial Citadel Pi; Ira; Imperial Outpost H-1
Imperial Citadel Phi,1,Vashtae Empire,3,2,2,1,5,5,0,-1,17,Imperial Civilian Center Phi-1; Imperial Civilian Center Phi-2; Imperial Civilian Center Phi-3; Imperial Civilian Center Phi-4; Imperial Military Academy Phi; Imperial Research Station Phi; Imperial Shipyard Phi; Imperial Citadel Upsilon; Imperial Citadel Chi; Umbra; Imperial Outpost B-1
Imperial Citadel Pi,1,Imperator's Hand,3,2,2,1,5,5,0,-1,17,Imperial Civilian Center Pi-1; Imperial Civilian Center Pi-2; Imperial Civilian Center Pi-3; Imperial Civilian Center Pi-4; Imperial Military Academy Pi; Imperial Research Station Pi; Imperial Shipyard Pi; Imperial Citadel Omicron; Imperial Citadel Rho; Ira; Imperial Outpost G-1
Imperial Citadel Psi,1,Vashtae Empire,3,2,2,1,5,5,0,-1,17,Imperial Civilian Center Psi-1; Imperial Civilian Center Psi-2; Imperial Civilian Center Psi-3; Imperial Civilian Center Psi-4; Imperial Military Academy Psi; Imperial Research Station Psi; Imperial Shipyard Psi; Imperial Citadel Chi; Imperial Citadel Omega; Orolin; Renewal Station 5
Imperial Citadel Rho,1,Imperator's Hand,3,2,2,1,5,5,0,-1,17,Imperial Civilian Center Rho-1; Imperial Civilian Center Rho-2; Imperial Civilian Center Rho-3; Imperial Civilian Center Rho-4; Imperial Military Academy Rho; Imperial Research Station Rho; Imperial Shipyard Rho; Imperial Citadel Pi; Imperial Citadel Sigma; Invidia; Imperial Outpost F-1
Imperial Citadel Sigma,1,Imperator's Hand,3,2,2,1,5,5,0,-1,17,Imperial Civilian Center Sigma-1; Imperial Civilian Center Sigma-2; Imperial Civilian Center Sigma-3; Imperial Civilian Center Sigma-4; Imperial Military Academy Sigma; Imperial Research Station Sigma; Imperial Shipyard Sigma; Imperial Citadel Rho; Imperial Citadel Tau; Invidia; Imperial Outpost E-1
Imperial Citadel Tau,1,Imperator's Hand,3,2,2,1,5,5,0,-1,17,Imperial Civilian Center Tau-1; Imperial Civilian Center Tau-2; Imperial Civilian Center Tau-3; Imperial Civilian Center Tau-4; Imperial Military Academy Tau; Imperial Research Station Tau; Imperial Shipyard Tau; Imperial Citadel Sigma; Imperial Citadel Upsilon; Clypeum; Imperial Outpost D-1
Imperial Citadel Theta,1,Imperator's Hand,3,2,2,1,5,5,0,-1,17,Imperial Civilian Center Theta-1; Imperial Civilian Center Theta-2; Imperial Civilian Center Theta-3; Imperial Civilian Center Theta-4; Imperial Military Academy Theta; Imperial Research Station Theta; Imperial Shipyard Theta; Imperial Citadel Eta; Imperial Citadel Iota; Savitas; Blackforge 8
Imperial Citadel Upsilon,1,Vashtae Empire,3,2,2,1,5,5,0,-1,17,Imperial Civilian Center Upsilon-1; Imperial Civilian Center Upsilon-2; Imperial Civilian Center Upsilon-3; Imperial Civilian Center Upsilon-4; Imperial Military Academy Upsilon; Imperial Research Station Upsilon; Imperial Shipyard Upsilon; Imperial Citadel Tau; Imperial Citadel Phi; Clypeum; Imperial Outpost C-1
Imperial Citadel Xi,1,Imperator's Hand,3,2,2,1,5,5,0,-1,17,Imperial Civilian Center Xi-1; Imperial Civilian Center Xi-2; Imperial Civilian Center Xi-3; Imperial Civilian Center Xi-4; Imperial Military Academy Xi; Imperial Research Station Xi; Imperial Shipyard Xi; Imperial Citadel Nu; Imperial Citadel Omicron; Ignis; Imperial Outpost I-1
Imperial Citadel Zeta,1,Vashtae Empire,3,2,2,1,5,5,0,-1,17,Imperial Civilian Center Zeta-1; Imperial Civilian Center Zeta-2; Imperial Civilian Center Zeta-3; Imperial Civilian Center Zeta-4; Imperial Military Academy Zeta; Imperial Research Station Zeta; Imperial Shipyard Zeta; Imperial Citadel Epsilon; Imperial Citadel Eta; Concinnae; Blackforge 7
Imperial Civilian Center Alpha-1,1,Vashtae Empire,1,2,0,2,3,3,5,-3,13,Imperial Civilian Center Alpha-2; Imperial Civilian Center Alpha-3; Imperial Civilian Center Alpha-4; Imperial Military Academy Alpha; Imperial Research Station Alpha; Imperial Shipyard Alpha; Imperial Citadel Alpha
Imperial Civilian Center Alpha-2,1,Vashtae Empire,1,2,0,2,3,3,5,-3,13,Imperial Civilian Center Alpha-1; Imperial Civilian Center Alpha-3; Imperial Civilian Center Alpha-4; Imperial Military Academy Alpha; Imperial Research Station Alpha; Imperial Shipyard Alpha; Imperial Citadel Alpha
Imperial Civilian Center Alpha-3,1,Vashtae Empire,1,2,0,2,3,3,5,-3,13,Imperial Civilian Center Alpha-1; Imperial Civilian Center Alpha-2; Imperial Civilian Center Alpha-4; Imperial Military Academy Alpha; Imperial Research Station Alpha; Imperial Shipyard Alpha; Imperial Citadel Alpha
Imperial Civilian Center Alpha-4,1,Vashtae Empire,1,2,0,2,3,3,5,-3,13,Imperial Civilian Center Alpha-1; Imperial Civilian Center Alpha-2; Imperial Civilian Center Alpha-3; Imperial Military Academy Alpha; Imperial Research Station Alpha; Imperial Shipyard Alpha; Imperial Citadel Alpha
Imperial Civilian Center Beta-1,1,Vashtae Empire,1,2,0,2,3,3,5,-3,13,Imperial Civilian Center Beta-2; Imperial Civilian Center Beta-3; Imperial Civilian Center Beta-4; Imperial Military Academy Beta; Imperial Research Station Beta; Imperial Shipyard Beta; Imperial Citadel Beta
Imperial Civilian Center Beta-2,1,Vashtae Empire,1,2,0,2,3,3,5,-3,13,Imperial Civilian Center Beta-1; Imperial Civilian Center Beta-3; Imperial Civilian Center Beta-4; Imperial Military Academy Beta; Imperial Research Station Beta; Imperial Shipyard Beta; Imperial Citadel Beta
Imperial Civilian Center Beta-3,1,Vashtae Empire,1,2,0,2,3,3,5,-3,13,Imperial Civilian Center Beta-1; Imperial Civilian Center Beta-2; Imperial Civilian Center Beta-4; Imperial Military Academy Beta; Imperial Research Station Beta; Imperial Shipyard Beta; Imperial Citadel Beta
Imperial Civilian Center Beta-4,1,Vashtae Empire,1,2,0,2,3,3,5,-3,13,Imperial Civilian Center Beta-1; Imperial Civilian Center Beta-2; Imperial Civilian Center Beta-3; Imperial Military Academy Beta; Imperial Research Station Beta; Imperial Shipyard Beta; Imperial Citadel Beta
Imperial Civilian Center Chi-1,1,Vashtae Empire,1,2,0,2,3,3,5,-3,13,Imperial Civilian Center Chi-2; Imperial Civilian Center Chi-3; Imperial Civilian Center Chi-4; Imperial Military Academy Chi; Imperial Research Station Chi; Imperial Shipyard Chi; Imperial Citadel Chi
Imperial Civilian Center Chi-2,1,Vashtae Empire,1,2,0,2,3,3,5,-3,13,Imperial Civilian Center Chi-1; Imperial Civilian Center Chi-3; Imperial Civilian Center Chi-4; Imperial Military Academy Chi; Imperial Research Station Chi; Imperial Shipyard Chi; Imperial Citadel Chi
Imperial Civilian Center Chi-3,1,Vashtae Empire,1,2,0,2,3,3,5,-3,13,Imperial Civilian Center Chi-1; Imperial Civilian Center Chi-2; Imperial Civilian Center Chi-4; Imperial Military Academy Chi; Imperial Research Station Chi; Imperial Shipyard Chi; Imperial Citadel Chi
Imperial Civilian Center Chi-4,1,Vashtae Empire,1,2,0,2,3,3,5,-3,13,Imperial Civilian Center Chi-1; Imperial Civilian Center Chi-2; Imperial Civilian Center Chi-3; Imperial Military Academy Chi; Imperial Research Station Chi; Imperial Shipyard Chi; Imperial Citadel Chi
Imperial Civilian Center Delta-1,1,Vashtae Empire,1,2,0,2,3,3,5,-3,13,Imperial Civilian Center Delta-2; Imperial Civilian Center Delta-3; Imperial Civilian Center Delta-4; Imperial Military Academy Delta; Imperial Research Station Delta; Imperial Shipyard Delta; Imperial Citadel Delta
Imperial Civilian Center Delta-2,1,Vashtae Empire,1,2,0,2,3,3,5,-3,13,Imperial Civilian Center Delta-1; Imperial Civilian Center Delta-3; Imperial Civilian Center Delta-4; Imperial Military Academy Delta; Imperial Research Station Delta; Imperial Shipyard Delta; Imperial Citadel Delta
Imperial Civilian Center Delta-3,1,Vashtae Empire,1,2,0,2,3,3,5,-3,13,Imperial Civilian Center Delta-1; Imperial Civilian Center Delta-2; Imperial Civilian Center Delta-4; Imperial Military Academy Delta; Imperial Research Station Delta; Imperial Shipyard Delta; Imperial Citadel Delta
Imperial Civilian Center Delta-4,1,Vashtae Empire,1,2,0,2,3,3,5,-3,13,Imperial Civilian Center Delta-1; Imperial Civilian Center Delta-2; Imperial Civilian Center Delta-3; Imperial Military Academy Delta; Imperial Research Station Delta; Imperial Shipyard Delta; Imperial Citadel Delta
Imperial Civilian Center Epsilon-1,1,Vashtae Empire,1,2,0,2,3,3,5,-3,13,Imperial Civilian Center Epsilon-2; Imperial Civilian Center Epsilon-3; Imperial Civilian Center Epsilon-4; Imperial Military Academy Epsilon; Imperial Research Station Epsilon; Imperial Shipyard Epsilon; Imperial Citadel Epsilon
Imperial Civilian Center Epsilon-2,1,Vashtae Empire,1,2,0,2,3,3,5,-3,13,Imperial Civilian Center Epsilon-1; Imperial Civilian Center Epsilon-3; Imperial Civilian Center Epsilon-4; Imperial Military Academy Epsilon; Imperial Research Station Epsilon; Imperial Shipyard Epsilon; Imperial Citadel Epsilon
Imperial Civilian Center Epsilon-3,1,Vashtae Empire,1,2,0,2,3,3,5,-3,13,Imperial Civilian Center Epsilon-1; Imperial Civilian Center Epsilon-2; Imperial Civilian Center Epsilon-4; Imperial Military Academy Epsilon; Imperial Research Station Epsilon; Imperial Shipyard Epsilon; Imperial Citadel Epsilon
Imperial Civilian Center Epsilon-4,1,Vashtae Empire,1,2,0,2,3,3,5,-3,13,Imperial Civilian Center Epsilon-1; Imperial Civilian Center Epsilon-2; Imperial Civilian Center Epsilon-3; Imperial Military Academy Epsilon; Imperial Research Station Epsilon; Imperial Shipyard Epsilon; Imperial Citadel Epsilon
Imperial Civilian Center Eta-1,1,Republic of Caedis,1,2,0,2,3,3,5,-3,13,Imperial Civilian Center Eta-2; Imperial Civilian Center Eta-3; Imperial Civilian Center Eta-4; Imperial Military Academy Eta; Imperial Research Station Eta; Imperial Shipyard Eta; Imperial Citadel Eta
Imperial Civilian Center Eta-2,1,Republic of Caedis,1,2,0,2,3,3,5,-3,13,Imperial Civilian Center Eta-1; Imperial Civilian Center Eta-3; Imperial Civilian Center Eta-4; Imperial Military Academy Eta; Imperial Research Station Eta; Imperial Shipyard Eta; Imperial Citadel Eta
Imperial Civilian Center Eta-3,1,Republic of Caedis,1,2,0,2,3,3,5,-3,13,Imperial Civilian Center Eta-1; Imperial Civilian Center Eta-2; Imperial Civilian Center Eta-4; Imperial Military Academy Eta; Imperial Research Station Eta; Imperial Shipyard Eta; Imperial Citadel Eta
Imperial Civilian Center Eta-4,1,Republic of Caedis,1,2,0,2,3,3,5,-3,13,Imperial Civilian Center Eta-1; Imperial Civilian Center Eta-2; Imperial Civilian Center Eta-3; Imperial Military Academy Eta; Imperial Research Station Eta; Imperial Shipyard Eta; Imperial Citadel Eta
Imperial Civilian Center Gamma-1,1,Vashtae Empire,1,2,0,2,3,3,5,-3,13,Imperial Civilian Center Gamma-2; Imperial Civilian Center Gamma-3; Imperial Civilian Center Gamma-4; Imperial Military Academy Gamma; Imperial Research Station Gamma; Imperial Shipyard Gamma; Imperial Citadel Gamma
Imperial Civilian Center Gamma-2,1,Vashtae Empire,1,2,0,2,3,3,5,-3,13,Imperial Civilian Center Gamma-1; Imperial Civilian Center Gamma-3; Imperial Civilian Center Gamma-4; Imperial Military Academy Gamma; Imperial Research Station Gamma; Imperial Shipyard Gamma; Imperial Citadel Gamma
Imperial Civilian Center Gamma-3,1,Vashtae Empire,1,2,0,2,3,3,5,-3,13,Imperial Civilian Center Gamma-1; Imperial Civilian Center Gamma-2; Imperial Civilian Center Gamma-4; Imperial Military Academy Gamma; Imperial Research Station Gamma; Imperial Shipyard Gamma; Imperial Citadel Gamma
Imperial Civilian Center Gamma-4,1,Vashtae Empire,1,2,0,2,3,3,5,-3,13,Imperial Civilian Center Gamma-1; Imperial Civilian Center Gamma-2; Imperial Civilian Center Gamma-3; Imperial Military Academy Gamma; Imperial Research Station Gamma; Imperial Shipyard Gamma; Imperial Citadel Gamma
Imperial Civilian Center Iota-1,1,Republic of Caedis,1,2,0,2,3,3,5,-3,13,Imperial Civilian Center Iota-2; Imperial Civilian Center Iota-3; Imperial Civilian Center Iota-4; Imperial Military Academy Iota; Imperial Research Station Iota; Imperial Shipyard Iota; Imperial Citadel Iota
Imperial Civilian Center Iota-2,1,Republic of Caedis,1,2,0,2,3,3,5,-3,13,Imperial Civilian Center Iota-1; Imperial Civilian Center Iota-3; Imperial Civilian Center Iota-4; Imperial Military Academy Iota; Imperial Research Station Iota; Imperial Shipyard Iota; Imperial Citadel Iota
Imperial Civilian Center Iota-3,1,Republic of Caedis,1,2,0,2,3,3,5,-3,13,Imperial Civilian Center Iota-1; Imperial Civilian Center Iota-2; Imperial Civilian Center Iota-4; Imperial Military Academy Iota; Imperial Research Station Iota; Imperial Shipyard Iota; Imperial Citadel Iota
Imperial Civilian Center Iota-4,1,Republic of Caedis,1,2,0,2,3,3,5,-3,13,Imperial Civilian Center Iota-1; Imperial Civilian Center Iota-2; Imperial Civilian Center Iota-3; Imperial Military Academy Iota; Imperial Research Station Iota; Imperial Shipyard Iota; Imperial Citadel Iota
Imperial Civilian Center Kappa-1,1,Republic of Caedis,1,2,0,2,3,3,5,-3,13,Imperial Civilian Center Kappa-2; Imperial Civilian Center Kappa-3; Imperial Civilian Center Kappa-4; Imperial Military Academy Kappa; Imperial Research Station Kappa; Imperial Shipyard Kappa; Imperial Citadel Kappa
Imperial Civilian Center Kappa-2,1,Republic of Caedis,1,2,0,2,3,3,5,-3,13,Imperial Civilian Center Kappa-1; Imperial Civilian Center Kappa-3; Imperial Civilian Center Kappa-4; Imperial Military Academy Kappa; Imperial Research Station Kappa; Imperial Shipyard Kappa; Imperial Citadel Kappa
Imperial Civilian Center Kappa-3,1,Republic of Caedis,1,2,0,2,3,3,5,-3,13,Imperial Civilian Center Kappa-1; Imperial Civilian Center Kappa-2; Imperial Civilian Center Kappa-4; Imperial Military Academy Kappa; Imperial Research Station Kappa; Imperial Shipyard Kappa; Imperial Citadel Kappa
Imperial Civilian Center Kappa-4,1,Republic of Caedis,1,2,0,2,3,3,5,-3,13,Imperial Civilian Center Kappa-1; Imperial Civilian Center Kappa-2; Imperial Civilian Center Kappa-3; Imperial Military Academy Kappa; Imperial Research Station Kappa; Imperial Shipyard Kappa; Imperial Citadel Kappa
Imperial Civilian Center Lambda-1,1,Republic of Caedis,1,2,0,2,3,3,5,-3,13,Imperial Civilian Center Lambda-2; Imperial Civilian Center Lambda-3; Imperial Civilian Center Lambda-4; Imperial Military Academy Lambda; Imperial Research Station Lambda; Imperial Shipyard Lambda; Imperial Citadel Lambda
Imperial Civilian Center Lambda-2,1,Republic of Caedis,1,2,0,2,3,3,5,-3,13,Imperial Civilian Center Lambda-1; Imperial Civilian Center Lambda-3; Imperial Civilian Center Lambda-4; Imperial Military Academy Lambda; Imperial Research Station Lambda; Imperial Shipyard Lambda; Imperial Citadel Lambda
Imperial Civilian Center Lambda-3,1,Republic of Caedis,1,2,0,2,3,3,5,-3,13,Imperial Civilian Center Lambda-1; Imperial Civilian Center Lambda-2; Imperial Civilian Center Lambda-4; Imperial Military Academy Lambda; Imperial Research Station Lambda; Imperial Shipyard Lambda; Imperial Citadel Lambda
Imperial Civilian Center Lambda-4,1,Republic of Caedis,1,2,0,2,3,3,5,-3,13,Imperial Civilian Center Lambda-1; Imperial Civilian Center Lambda-2; Imperial Civilian Center Lambda-3; Imperial Military Academy Lambda; Imperial Research Station Lambda; Imperial Shipyard Lambda; Imperial Citadel Lambda
Imperial Civilian Center Mu-1,1,Republic of Caedis,1,2,0,2,3,3,5,-3,13,Imperial Civilian Center Mu-2; Imperial Civilian Center Mu-3; Imperial Civilian Center Mu-4; Imperial Military Academy Mu; Imperial Research Station Mu; Imperial Shipyard Mu; Imperial Citadel Mu
Imperial Civilian Center Mu-2,1,Republic of Caedis,1,2,0,2,3,3,5,-3,13,Imperial Civilian Center Mu-1; Imperial Civilian Center Mu-3; Imperial Civilian Center Mu-4; Imperial Military Academy Mu; Imperial Research Station Mu; Imperial Shipyard Mu; Imperial Citadel Mu
Imperial Civilian Center Mu-3,1,Republic of Caedis,1,2,0,2,3,3,5,-3,13,Imperial Civilian Center Mu-1; Imperial Civilian Center Mu-2; Imperial Civilian Center Mu-4; Imperial Military Academy Mu; Imperial Research Station Mu; Imperial Shipyard Mu; Imperial Citadel Mu
Imperial Civilian Center Mu-4,1,Republic of Caedis,1,2,0,2,3,3,5,-3,13,Imperial Civilian Center Mu-1; Imperial Civilian Center Mu-2; Imperial Civilian Center Mu-3; Imperial Military Academy Mu; Imperial Research Station Mu; Imperial Shipyard Mu; Imperial Citadel Mu
Imperial Civilian Center Nu-1,1,Republic of Caedis,1,2,0,2,3,3,5,-3,13,Imperial Civilian Center Nu-2; Imperial Civilian Center Nu-3; Imperial Civilian Center Nu-4; Imperial Military Academy Nu; Imperial Research Station Nu; Imperial Shipyard Nu; Imperial Citadel Nu
Imperial Civilian Center Nu-2,1,Republic of Caedis,1,2,0,2,3,3,5,-3,13,Imperial Civilian Center Nu-1; Imperial Civilian Center Nu-3; Imperial Civilian Center Nu-4; Imperial Military Academy Nu; Imperial Research Station Nu; Imperial Shipyard Nu; Imperial Citadel Nu
Imperial Civilian Center Nu-3,1,Republic of Caedis,1,2,0,2,3,3,5,-3,13,Imperial Civilian Center Nu-1; Imperial Civilian Center Nu-2; Imperial Civilian Center Nu-4; Imperial Military Academy Nu; Imperial Research Station Nu; Imperial Shipyard Nu; Imperial Citadel Nu
Imperial Civilian Center Nu-4,1,Republic of Caedis,1,2,0,2,3,3,5,-3,13,Imperial Civilian Center Nu-1; Imperial Civilian Center Nu-2; Imperial Civilian Center Nu-3; Imperial Military Academy Nu; Imperial Research Station Nu; Imperial Shipyard Nu; Imperial Citadel Nu
Imperial Civilian Center Omega-1,1,Vashtae Empire,1,2,0,2,3,3,5,-3,13,Imperial Civilian Center Omega-2; Imperial Civilian Center Omega-3; Imperial Civilian Center Omega-4; Imperial Military Academy Omega; Imperial Research Station Omega; Imperial Shipyard Omega; Imperial Citadel Omega
Imperial Civilian Center Omega-2,1,Vashtae Empire,1,2,0,2,3,3,5,-3,13,Imperial Civilian Center Omega-1; Imperial Civilian Center Omega-3; Imperial Civilian Center Omega-4; Imperial Military Academy Omega; Imperial Research Station Omega; Imperial Shipyard Omega; Imperial Citadel Omega
Imperial Civilian Center Omega-3,1,Vashtae Empire,1,2,0,2,3,3,5,-3,13,Imperial Civilian Center Omega-1; Imperial Civilian Center Omega-2; Imperial Civilian Center Omega-4; Imperial Military Academy Omega; Imperial Research Station Omega; Imperial Shipyard Omega; Imperial Citadel Omega
Imperial Civilian Center Omega-4,1,Vashtae Empire,1,2,0,2,3,3,5,-3,13,Imperial Civilian Center Omega-1; Imperial Civilian Center Omega-2; Imperial Civilian Center Omega-3; Imperial Military Academy Omega; Imperial Research Station Omega; Imperial Shipyard Omega; Imperial Citadel Omega
Imperial Civilian Center Omicron-1,1,Republic of Caedis,1,2,0,2,3,3,5,-3,13,Imperial Civilian Center Omicron-2; Imperial Civilian Center Omicron-3; Imperial Civilian Center Omicron-4; Imperial Military Academy Omicron; Imperial Research Station Omicron; Imperial Shipyard Omicron; Imperial Citadel Omicron
Imperial Civilian Center Omicron-2,1,Republic of Caedis,1,2,0,2,3,3,5,-3,13,Imperial Civilian Center Omicron-1; Imperial Civilian Center Omicron-3; Imperial Civilian Center Omicron-4; Imperial Military Academy Omicron; Imperial Research Station Omicron; Imperial Shipyard Omicron; Imperial Citadel Omicron
Imperial Civilian Center Omicron-3,1,Republic of Caedis,1,2,0,2,3,3,5,-3,13,Imperial Civilian Center Omicron-1; Imperial Civilian Center Omicron-2; Imperial Civilian Center Omicron-4; Imperial Military Academy Omicron; Imperial Research Station Omicron; Imperial Shipyard Omicron; Imperial Citadel Omicron
Imperial Civilian Center Omicron-4,1,Republic of Caedis,1,2,0,2,3,3,5,-3,13,Imperial Civilian Center Omicron-1; Imperial Civilian Center Omicron-2; Imperial Civilian Center Omicron-3; Imperial Military Academy Omicron; Imperial Research Station Omicron; Imperial Shipyard Omicron; Imperial Citadel Omicron
Imperial Civilian Center Phi-1,1,Vashtae Empire,1,2,0,2,3,3,5,-3,13,Imperial Civilian Center Phi-2; Imperial Civilian Center Phi-3; Imperial Civilian Center Phi-4; Imperial Military Academy Phi; Imperial Research Station Phi; Imperial Shipyard Phi; Imperial Citadel Phi
Imperial Civilian Center Phi-2,1,Vashtae Empire,1,2,0,2,3,3,5,-3,13,Imperial Civilian Center Phi-1; Imperial Civilian Center Phi-3; Imperial Civilian Center Phi-4; Imperial Military Academy Phi; Imperial Research Station Phi; Imperial Shipyard Phi; Imperial Citadel Phi
Imperial Civilian Center Phi-3,1,Vashtae Empire,1,2,0,2,3,3,5,-3,13,Imperial Civilian Center Phi-1; Imperial Civilian Center Phi-2; Imperial Civilian Center Phi-4; Imperial Military Academy Phi; Imperial Research Station Phi; Imperial Shipyard Phi; Imperial Citadel Phi
Imperial Civilian Center Phi-4,1,Vashtae Empire,1,2,0,2,3,3,5,-3,13,Imperial Civilian Center Phi-1; Imperial Civilian Center Phi-2; Imperial Civilian Center Phi-3; Imperial Military Academy Phi; Imperial Research Station Phi; Imperial Shipyard Phi; Imperial Citadel Phi
Imperial Civilian Center Pi-1,1,Republic of Caedis,1,2,0,2,3,3,5,-3,13,Imperial Civilian Center Pi-2; Imperial Civilian Center Pi-3; Imperial Civilian Center Pi-4; Imperial Military Academy Pi; Imperial Research Station Pi; Imperial Shipyard Pi; Imperial Citadel Pi
Imperial Civilian Center Pi-2,1,Republic of Caedis,1,2,0,2,3,3,5,-3,13,Imperial Civilian Center Pi-1; Imperial Civilian Center Pi-3; Imperial Civilian Center Pi-4; Imperial Military Academy Pi; Imperial Research Station Pi; Imperial Shipyard Pi; Imperial Citadel Pi
Imperial Civilian Center Pi-3,1,Republic of Caedis,1,2,0,2,3,3,5,-3,13,Imperial Civilian Center Pi-1; Imperial Civilian Center Pi-2; Imperial Civilian Center Pi-4; Imperial Military Academy Pi; Imperial Research Station Pi; Imperial Shipyard Pi; Imperial Citadel Pi
Imperial Civilian Center Pi-4,1,Republic of Caedis,1,2,0,2,3,3,5,-3,13,Imperial Civilian Center Pi-1; Imperial Civilian Center Pi-2; Imperial Civilian Center Pi-3; Imperial Military Academy Pi; Imperial Research Station Pi; Imperial Shipyard Pi; Imperial Citadel Pi
Imperial Civilian Center Psi-1,1,Vashtae Empire,1,2,0,2,3,3,5,-3,13,Imperial Civilian Center Psi-2; Imperial Civilian Center Psi-3; Imperial Civilian Center Psi-4; Imperial Military Academy Psi; Imperial Research Station Psi; Imperial Shipyard Psi; Imperial Citadel Psi
Imperial Civilian Center Psi-2,1,Vashtae Empire,1,2,0,2,3,3,5,-3,13,Imperial Civilian Center Psi-1; Imperial Civilian Center Psi-3; Imperial Civilian Center Psi-4; Imperial Military Academy Psi; Imperial Research Station Psi; Imperial Shipyard Psi; Imperial Citadel Psi
Imperial Civilian Center Psi-3,1,Vashtae Empire,1,2,0,2,3,3,5,-3,13,Imperial Civilian Center Psi-1; Imperial Civilian Center Psi-2; Imperial Civilian Center Psi-4; Imperial Military Academy Psi; Imperial Research Station Psi; Imperial Shipyard Psi; Imperial Citadel Psi
Imperial Civilian Center Psi-4,1,Vashtae Empire,1,2,0,2,3,3,5,-3,13,Imperial Civilian Center Psi-1; Imperial Civilian Center Psi-2; Imperial Civilian Center Psi-3; Imperial Military Academy Psi; Imperial Research Station Psi; Imperial Shipyard Psi; Imperial Citadel Psi
Imperial Civilian Center Rho-1,1,Republic of Caedis,1,2,0,2,3,3,5,-3,13,Imperial Civilian Center Rho-2; Imperial Civilian Center Rho-3; Imperial Civilian Center Rho-4; Imperial Military Academy Rho; Imperial Research Station Rho; Imperial Shipyard Rho; Imperial Citadel Rho
Imperial Civilian Center Rho-2,1,Republic of Caedis,1,2,0,2,3,3,5,-3,13,Imperial Civilian Center Rho-1; Imperial Civilian Center Rho-3; Imperial Civilian Center Rho-4; Imperial Military Academy Rho; Imperial Research Station Rho; Imperial Shipyard Rho; Imperial Citadel Rho
Imperial Civilian Center Rho-3,1,Republic of Caedis,1,2,0,2,3,3,5,-3,13,Imperial Civilian Center Rho-1; Imperial Civilian Center Rho-2; Imperial Civilian Center Rho-4; Imperial Military Academy Rho; Imperial Research Station Rho; Imperial Shipyard Rho; Imperial Citadel Rho
Imperial Civilian Center Rho-4,1,Republic of Caedis,1,2,0,2,3,3,5,-3,13,Imperial Civilian Center Rho-1; Imperial Civilian Center Rho-2; Imperial Civilian Center Rho-3; Imperial Military Academy Rho; Imperial Research Station Rho; Imperial Shipyard Rho; Imperial Citadel Rho
Imperial Civilian Center Sigma-1,1,Republic of Caedis,1,2,0,2,3,3,5,-3,13,Imperial Civilian Center Sigma-2; Imperial Civilian Center Sigma-3; Imperial Civilian Center Sigma-4; Imperial Military Academy Sigma; Imperial Research Station Sigma; Imperial Shipyard Sigma; Imperial Citadel Sigma
Imperial Civilian Center Sigma-2,1,Republic of Caedis,1,2,0,2,3,3,5,-3,13,Imperial Civilian Center Sigma-1; Imperial Civilian Center Sigma-3; Imperial Civilian Center Sigma-4; Imperial Military Academy Sigma; Imperial Research Station Sigma; Imperial Shipyard Sigma; Imperial Citadel Sigma
Imperial Civilian Center Sigma-3,1,Republic of Caedis,1,2,0,2,3,3,5,-3,13,Imperial Civilian Center Sigma-1; Imperial Civilian Center Sigma-2; Imperial Civilian Center Sigma-4; Imperial Military Academy Sigma; Imperial Research Station Sigma; Imperial Shipyard Sigma; Imperial Citadel Sigma
Imperial Civilian Center Sigma-4,1,Republic of Caedis,1,2,0,2,3,3,5,-3,13,Imperial Civilian Center Sigma-1; Imperial Civilian Center Sigma-2; Imperial Civilian Center Sigma-3; Imperial Military Academy Sigma; Imperial Research Station Sigma; Imperial Shipyard Sigma; Imperial Citadel Sigma
Imperial Civilian Center Tau-1,1,Republic of Caedis,1,2,0,2,3,3,5,-3,13,Imperial Civilian Center Tau-2; Imperial Civilian Center Tau-3; Imperial Civilian Center Tau-4; Imperial Military Academy Tau; Imperial Research Station Tau; Imperial Shipyard Tau; Imperial Citadel Tau
Imperial Civilian Center Tau-2,1,Republic of Caedis,1,2,0,2,3,3,5,-3,13,Imperial Civilian Center Tau-1; Imperial Civilian Center Tau-3; Imperial Civilian Center Tau-4; Imperial Military Academy Tau; Imperial Research Station Tau; Imperial Shipyard Tau; Imperial Citadel Tau
Imperial Civilian Center Tau-3,1,Republic of Caedis,1,2,0,2,3,3,5,-3,13,Imperial Civilian Center Tau-1; Imperial Civilian Center Tau-2; Imperial Civilian Center Tau-4; Imperial Military Academy Tau; Imperial Research Station Tau; Imperial Shipyard Tau; Imperial Citadel Tau
Imperial Civilian Center Tau-4,1,Republic of Caedis,1,2,0,2,3,3,5,-3,13,Imperial Civilian Center Tau-1; Imperial Civilian Center Tau-2; Imperial Civilian Center Tau-3; Imperial Military Academy Tau; Imperial Research Station Tau; Imperial Shipyard Tau; Imperial Citadel Tau
Imperial Civilian Center Theta-1,1,Republic of Caedis,1,2,0,2,3,3,5,-3,13,Imperial Civilian Center Theta-2; Imperial Civilian Center Theta-3; Imperial Civilian Center Theta-4; Imperial Military Academy Theta; Imperial Research Station Theta; Imperial Shipyard Theta; Imperial Citadel Theta
Imperial Civilian Center Theta-2,1,Republic of Caedis,1,2,0,2,3,3,5,-3,13,Imperial Civilian Center Theta-1; Imperial Civilian Center Theta-3; Imperial Civilian Center Theta-4; Imperial Military Academy Theta; Imperial Research Station Theta; Imperial Shipyard Theta; Imperial Citadel Theta
Imperial Civilian Center Theta-3,1,Republic of Caedis,1,2,0,2,3,3,5,-3,13,Imperial Civilian Center Theta-1; Imperial Civilian Center Theta-2; Imperial Civilian Center Theta-4; Imperial Military Academy Theta; Imperial Research Station Theta; Imperial Shipyard Theta; Imperial Citadel Theta
Imperial Civilian Center Theta-4,1,Republic of Caedis,1,2,0,2,3,3,5,-3,13,Imperial Civilian Center Theta-1; Imperial Civilian Center Theta-2; Imperial Civilian Center Theta-3; Imperial Military Academy Theta; Imperial Research Station Theta; Imperial Shipyard Theta; Imperial Citadel Theta
Imperial Civilian Center Upsilon-1,1,Vashtae Empire,1,2,0,2,3,3,5,-3,13,Imperial Civilian Center Upsilon-2; Imperial Civilian Center Upsilon-3; Imperial Civilian Center Upsilon-4; Imperial Military Academy Upsilon; Imperial Research Station Upsilon; Imperial Shipyard Upsilon; Imperial Citadel Upsilon
Imperial Civilian Center Upsilon-2,1,Vashtae Empire,1,2,0,2,3,3,5,-3,13,Imperial Civilian Center Upsilon-1; Imperial Civilian Center Upsilon-3; Imperial Civilian Center Upsilon-4; Imperial Military Academy Upsilon; Imperial Research Station Upsilon; Imperial Shipyard Upsilon; Imperial Citadel Upsilon
Imperial Civilian Center Upsilon-3,1,Vashtae Empire,1,2,0,2,3,3,5,-3,13,Imperial Civilian Center Upsilon-1; Imperial Civilian Center Upsilon-2; Imperial Civilian Center Upsilon-4; Imperial Military Academy Upsilon; Imperial Research Station Upsilon; Imperial Shipyard Upsilon; Imperial Citadel Upsilon
Imperial Civilian Center Upsilon-4,1,Vashtae Empire,1,2,0,2,3,3,5,-3,13,Imperial Civilian Center Upsilon-1; Imperial Civilian Center Upsilon-2; Imperial Civilian Center Upsilon-3; Imperial Military Academy Upsilon; Imperial Research Station Upsilon; Imperial Shipyard Upsilon; Imperial Citadel Upsilon
Imperial Civilian Center Xi-1,1,Republic of Caedis,1,2,0,2,3,3,5,-3,13,Imperial Civilian Center Xi-2; Imperial Civilian Center Xi-3; Imperial Civilian Center Xi-4; Imperial Military Academy Xi; Imperial Research Station Xi; Imperial Shipyard Xi; Imperial Citadel Xi
Imperial Civilian Center Xi-2,1,Republic of Caedis,1,2,0,2,3,3,5,-3,13,Imperial Civilian Center Xi-1; Imperial Civilian Center Xi-3; Imperial Civilian Center Xi-4; Imperial Military Academy Xi; Imperial Research Station Xi; Imperial Shipyard Xi; Imperial Citadel Xi
Imperial Civilian Center Xi-3,1,Republic of Caedis,1,2,0,2,3,3,5,-3,13,Imperial Civilian Center Xi-1; Imperial Civilian Center Xi-2; Imperial Civilian Center Xi-4; Imperial Military Academy Xi; Imperial Research Station Xi; Imperial Shipyard Xi; Imperial Citadel Xi
Imperial Civilian Center Xi-4,1,Republic of Caedis,1,2,0,2,3,3,5,-3,13,Imperial Civilian Center Xi-1; Imperial Civilian Center Xi-2; Imperial Civilian Center Xi-3; Imperial Military Academy Xi; Imperial Research Station Xi; Imperial Shipyard Xi; Imperial Citadel Xi
Imperial Civilian Center Zeta-1,1,Vashtae Empire,1,2,0,2,3,3,5,-3,13,Imperial Civilian Center Zeta-2; Imperial Civilian Center Zeta-3; Imperial Civilian Center Zeta-4; Imperial Military Academy Zeta; Imperial Research Station Zeta; Imperial Shipyard Zeta; Imperial Citadel Zeta
Imperial Civilian Center Zeta-2,1,Vashtae Empire,1,2,0,2,3,3,5,-3,13,Imperial Civilian Center Zeta-1; Imperial Civilian Center Zeta-3; Imperial Civilian Center Zeta-4; Imperial Military Academy Zeta; Imperial Research Station Zeta; Imperial Shipyard Zeta; Imperial Citadel Zeta
Imperial Civilian Center Zeta-3,1,Vashtae Empire,1,2,0,2,3,3,5,-3,13,Imperial Civilian Center Zeta-1; Imperial Civilian Center Zeta-2; Imperial Civilian Center Zeta-4; Imperial Military Academy Zeta; Imperial Research Station Zeta; Imperial Shipyard Zeta; Imperial Citadel Zeta
Imperial Civilian Center Zeta-4,1,Vashtae Empire,1,2,0,2,3,3,5,-3,13,Imperial Civilian Center Zeta-1; Imperial Civilian Center Zeta-2; Imperial Civilian Center Zeta-3; Imperial Military Academy Zeta; Imperial Research Station Zeta; Imperial Shipyard Zeta; Imperial Citadel Zeta
Imperial Military Academy Alpha,1,Vashtae Empire,2,3,1,0,3,10,0,-2,17,Imperial Civilian Center Alpha-1; Imperial Civilian Center Alpha-2; Imperial Civilian Center Alpha-3; Imperial Civilian Center Alpha-4; Imperial Research Station Alpha; Imperial Shipyard Alpha; Imperial Citadel Alpha
Imperial Military Academy Beta,1,Vashtae Empire,2,3,1,0,3,10,0,-2,17,Imperial Civilian Center Beta-1; Imperial Civilian Center Beta-2; Imperial Civilian Center Beta-3; Imperial Civilian Center Beta-4; Imperial Research Station Beta; Imperial Shipyard Beta; Imperial Citadel Beta
Imperial Military Academy Chi,1,Vashtae Empire,2,3,1,0,3,10,0,-2,17,Imperial Civilian Center Chi-1; Imperial Civilian Center Chi-2; Imperial Civilian Center Chi-3; Imperial Civilian Center Chi-4; Imperial Research Station Chi; Imperial Shipyard Chi; Imperial Citadel Chi
Imperial Military Academy Delta,1,Vashtae Empire,2,3,1,0,3,10,0,-2,17,Imperial Civilian Center Delta-1; Imperial Civilian Center Delta-2; Imperial Civilian Center Delta-3; Imperial Civilian Center Delta-4; Imperial Research Station Delta; Imperial Shipyard Delta; Imperial Citadel Delta
Imperial Military Academy Epsilon,1,Vashtae Empire,2,3,1,0,3,10,0,-2,17,Imperial Civilian Center Epsilon-1; Imperial Civilian Center Epsilon-2; Imperial Civilian Center Epsilon-3; Imperial Civilian Center Epsilon-4; Imperial Research Station Epsilon; Imperial Shipyard Epsilon; Imperial Citadel Epsilon
Imperial Military Academy Eta,1,Republic of Caedis,2,3,1,0,3,10,0,-2,17,Imperial Civilian Center Eta-1; Imperial Civilian Center Eta-2; Imperial Civilian Center Eta-3; Imperial Civilian Center Eta-4; Imperial Research Station Eta; Imperial Shipyard Eta; Imperial Citadel Eta
Imperial Military Academy Gamma,1,Vashtae Empire,2,3,1,0,3,10,0,-2,17,Imperial Civilian Center Gamma-1; Imperial Civilian Center Gamma-2; Imperial Civilian Center Gamma-3; Imperial Civilian Center Gamma-4; Imperial Research Station Gamma; Imperial Shipyard Gamma; Imperial Citadel Gamma
Imperial Military Academy Iota,1,Republic of Caedis,2,3,1,0,3,10,0,-2,17,Imperial Civilian Center Iota-1; Imperial Civilian Center Iota-2; Imperial Civilian Center Iota-3; Imperial Civilian Center Iota-4; Imperial Research Station Iota; Imperial Shipyard Iota; Imperial Citadel Iota
Imperial Military Academy Kappa,1,Republic of Caedis,2,3,1,0,3,10,0,-2,17,Imperial Civilian Center Kappa-1; Imperial Civilian Center Kappa-2; Imperial Civilian Center Kappa-3; Imperial Civilian Center Kappa-4; Imperial Research Station Kappa; Imperial Shipyard Kappa; Imperial Citadel Kappa
Imperial Military Academy Lambda,1,Imperator's Hand,2,3,1,0,3,10,0,-2,17,Imperial Civilian Center Lambda-1; Imperial Civilian Center Lambda-2; Imperial Civilian Center Lambda-3; Imperial Civilian Center Lambda-4; Imperial Research Station Lambda; Imperial Shipyard Lambda; Imperial Citadel Lambda
Imperial Military Academy Mu,1,Imperator's Hand,2,3,1,0,3,10,0,-2,17,Imperial Civilian Center Mu-1; Imperial Civilian Center Mu-2; Imperial Civilian Center Mu-3; Imperial Civilian Center Mu-4; Imperial Research Station Mu; Imperial Shipyard Mu; Imperial Citadel Mu
Imperial Military Academy Nu,1,Imperator's Hand,2,3,1,0,3,10,0,-2,17,Imperial Civilian Center Nu-1; Imperial Civilian Center Nu-2; Imperial Civilian Center Nu-3; Imperial Civilian Center Nu-4; Imperial Research Station Nu; Imperial Shipyard Nu; Imperial Citadel Nu
Imperial Military Academy Omega,1,Vashtae Empire,2,3,1,0,3,10,0,-2,17,Imperial Civilian Center Omega-1; Imperial Civilian Center Omega-2; Imperial Civilian Center Omega-3; Imperial Civilian Center Omega-4; Imperial Research Station Omega; Imperial Shipyard Omega; Imperial Citadel Omega
Imperial Military Academy Omicron,1,Imperator's Hand,2,3,1,0,3,10,0,-2,17,Imperial Civilian Center Omicron-1; Imperial Civilian Center Omicron-2; Imperial Civilian Center Omicron-3; Imperial Civilian Center Omicron-4; Imperial Research Station Omicron; Imperial Shipyard Omicron; Imperial Citadel Omicron
Imperial Military Academy Phi,1,Vashtae Empire,2,3,1,0,3,10,0,-2,17,Imperial Civilian Center Phi-1; Imperial Civilian Center Phi-2; Imperial Civilian Center Phi-3; Imperial Civilian Center Phi-4; Imperial Research Station Phi; Imperial Shipyard Phi; Imperial Citadel Phi
Imperial Military Academy Pi,1,Imperator's Hand,2,3,1,0,3,10,0,-2,17,Imperial Civilian Center Pi-1; Imperial Civilian Center Pi-2; Imperial Civilian Center Pi-3; Imperial Civilian Center Pi-4; Imperial Research Station Pi; Imperial Shipyard Pi; Imperial Citadel Pi
Imperial Military Academy Psi,1,Vashtae Empire,2,3,1,0,3,10,0,-2,17,Imperial Civilian Center Psi-1; Imperial Civilian Center Psi-2; Imperial Civilian Center Psi-3; Imperial Civilian Center Psi-4; Imperial Research Station Psi; Imperial Shipyard Psi; Imperial Citadel Psi
Imperial Military Academy Rho,1,Imperator's Hand,2,3,1,0,3,10,0,-2,17,Imperial Civilian Center Rho-1; Imperial Civilian Center Rho-2; Imperial Civilian Center Rho-3; Imperial Civilian Center Rho-4; Imperial Research Station Rho; Imperial Shipyard Rho; Imperial Citadel Rho
Imperial Military Academy Sigma,1,Imperator's Hand,2,3,1,0,3,10,0,-2,17,Imperial Civilian Center Sigma-1; Imperial Civilian Center Sigma-2; Imperial Civilian Center Sigma-3; Imperial Civilian Center Sigma-4; Imperial Research Station Sigma; Imperial Shipyard Sigma; Imperial Citadel Sigma
Imperial Military Academy Tau,1,Imperator's Hand,2,3,1,0,3,10,0,-2,17,Imperial Civilian Center Tau-1; Imperial Civilian Center Tau-2; Imperial Civilian Center Tau-3; Imperial Civilian Center Tau-4; Imperial Research Station Tau; Imperial Shipyard Tau; Imperial Citadel Tau
Imperial Military Academy Theta,1,Republic of Caedis,2,3,1,0,3,10,0,-2,17,Imperial Civilian Center Theta-1; Imperial Civilian Center Theta-2; Imperial Civilian Center Theta-3; Imperial Civilian Center Theta-4; Imperial Research Station Theta; Imperial Shipyard Theta; Imperial Citadel Theta
Imperial Military Academy Upsilon,1,Vashtae Empire,2,3,1,0,3,10,0,-2,17,Imperial Civilian Center Upsilon-1; Imperial Civilian Center Upsilon-2; Imperial Civilian Center Upsilon-3; Imperial Civilian Center Upsilon-4; Imperial Research Station Upsilon; Imperial Shipyard Upsilon; Imperial Citadel Upsilon
Imperial Military Academy Xi,1,Imperator's Hand,2,3,1,0,3,10,0,-2,17,Imperial Civilian Center Xi-1; Imperial Civilian Center Xi-2; Imperial Civilian Center Xi-3; Imperial Civilian Center Xi-4; Imperial Research Station Xi; Imperial Shipyard Xi; Imperial Citadel Xi
Imperial Military Academy Zeta,1,Vashtae Empire,2,3,1,0,3,10,0,-2,17,Imperial Civilian Center Zeta-1; Imperial Civilian Center Zeta-2; Imperial Civilian Center Zeta-3; Imperial Civilian Center Zeta-4; Imperial Research Station Zeta; Imperial Shipyard Zeta; Imperial Citadel Zeta
Imperial Outpost A-1,9,Imperator's Hand,1,1,1,1,2,2,2,-1,9,Imperial Citadel Chi; Imperial Outpost A-2; Imperial Outpost A-3; Imperial Outpost A-4; Imperial Outpost A-5
Imperial Outpost A-10,9,Imperator's Hand,1,1,1,1,2,2,2,-1,9,Imperial Citadel Nu; Imperial Outpost A-6; Imperial Outpost A-7; Imperial Outpost A-8; Imperial Outpost A-9
Imperial Outpost A-2,9,Imperator's Hand,1,1,1,1,2,2,2,-1,9,Imperial Outpost A-1; Imperial Outpost A-3; Imperial Outpost A-4; Imperial Outpost A-5; Phoenix Communication Hub 3
Imperial Outpost A-3,9,Imperator's Hand,1,1,1,1,2,2,2,-1,9,Blackforge 7; Imperial Outpost A-1; Imperial Outpost A-2; Imperial Outpost A-4; Imperial Outpost A-5; Imperial Outpost A-7; Imperial Outpost A-8; Renewal Station 07
Imperial Outpost A-4,9,Imperator's Hand,1,1,1,1,2,2,2,-1,9,Fury Base Upsilon; Imperial Outpost A-1; Imperial Outpost A-2; Imperial Outpost A-3; Imperial Outpost A-5; Imperial Outpost A-7; Imperial Outpost A-8
Imperial Outpost A-5,9,Imperator's Hand,1,1,1,1,2,2,2,-1,9,Fury Base Upsilon; Imperial Outpost A-1; Imperial Outpost A-2; Imperial Outpost A-3; Imperial Outpost A-4
Imperial Outpost A-6,9,Imperator's Hand,1,1,1,1,2,2,2,-1,9,Fury Base Phi; Imperial Outpost A-7; Imperial Outpost A-8; Imperial Outpost A-9; Imperial Outpost A-10
Imperial Outpost A-7,9,Imperator's Hand,1,1,1,1,2,2,2,-1,9,Fury Base Phi; Imperial Outpost A-3; Imperial Outpost A-4; Imperial Outpost A-6; Imperial Outpost A-8; Imperial Outpost A-9; Imperial Outpost A-10
Imperial Outpost A-8,9,Imperator's Hand,1,1,1,1,2,2,2,-1,9,Imperial Outpost A-3; Imperial Outpost A-4; Imperial Outpost A-6; Imperial Outpost A-7; Imperial Outpost A-9; Imperial Outpost A-10
Imperial Outpost A-9,9,Imperator's Hand,1,1,1,1,2,2,2,-1,9,Imperial Outpost A-6; Imperial Outpost A-7; Imperial Outpost A-8; Imperial Outpost A-10
Imperial Outpost B-1,8,Imperator's Hand,1,1,1,1,2,2,2,-1,9,Imperial Citadel Phi; Imperial Outpost B-2; Imperial Outpost B-3
Imperial Outpost B-2,8,Imperator's Hand,1,1,1,1,2,2,2,-1,9,Imperial Outpost B-1; Imperial Outpost B-3
Imperial Outpost B-3,8,Imperator's Hand,1,1,1,1,2,2,2,-1,9,Imperial Outpost B-1; Imperial Outpost B-2
Imperial Outpost C-1,7,Imperator's Hand,1,1,1,1,2,2,2,-1,9,Imperial Citadel Upsilon; Imperial Outpost C-2; Imperial Outpost C-3
Imperial Outpost C-2,7,Imperator's Hand,1,1,1,1,2,2,2,-1,9,Imperial Outpost C-1; Imperial Ouptost C-3
Imperial Outpost C-3,7,Imperator's Hand,1,1,1,1,2,2,2,-1,9,Imperial Outpost C-1; Imperial C-3
Imperial Outpost D-1,14,Imperator's Hand,1,1,1,1,2,2,2,-1,9,Asgard; Imperial Citadel Tau; Imperial Outpost D-2; Imperial Outpost D-3
Imperial Outpost D-2,14,Imperator's Hand,1,1,1,1,2,2,2,-1,9,Imperial Outpost D-1; Imperial Outpost D-3
Imperial Outpost D-3,14,Imperator's Hand,1,1,1,1,2,2,2,-1,9,Fury Base Mu; Imperial Outpost D-1; Imperial Outpost D-2
Imperial Outpost E-1,11,Imperator's Hand,1,1,1,1,2,2,2,-1,9,Imperial Citadel Sigma; Imperial Outpost E-2; Imperial Outpost E-3
Imperial Outpost E-2,11,Imperator's Hand,1,1,1,1,2,2,2,-1,9,EImperial Outpost E-1; Imperial Outpost E-2
Imperial Outpost E-3,11,Imperator's Hand,1,1,1,1,2,2,2,-1,9,Imperial Outpost E-1; Imperial Outpost E-3
Imperial Outpost F-1,10,Imperator's Hand,1,1,1,1,2,2,2,-1,9,Imperial Outpost F-2; Imperial Outpost F-3; Imperial Citadel Rho
Imperial Outpost F-2,10,Imperator's Hand,1,1,1,1,2,2,2,-1,9,Imperial Outpost F-1; Imperial Outpost F-3
Imperial Outpost F-3,10,Imperator's Hand,1,1,1,1,2,2,2,-1,9,Imperial Outpost F-1; Imperial Outpost F-2
Imperial Outpost G-1,3,Imperator's Hand,1,1,1,1,2,2,2,-1,9,Imperial Citadel Pi; Imperial Outpost G-2; Imperial Outpost G-3
Imperial Outpost G-2,3,Imperator's Hand,1,1,1,1,2,2,2,-1,9,Imperial Outpost G-1; Imperial Outpost G-3; Villa
Imperial Outpost G-3,3,Imperator's Hand,1,1,1,1,2,2,2,-1,9,Imperial Outpost G-1; Imperial Outpost G-2; KFG HR Station 1; Zeo
Imperial Outpost H-1,13,Imperator's Hand,1,1,1,1,2,2,2,-1,9,Imperial Citadel Omicron; Imperial Outpost H-2; Imperial Outpost H-3
Imperial Outpost H-2,13,Imperator's Hand,1,1,1,1,2,2,2,-1,9,Fury Base Xi; Imperial Outpost H-1; Imperial Outpost H-3
Imperial Outpost H-3,13,Imperator's Hand,1,1,1,1,2,2,2,-1,9,Fury Base Xi; Imperial Outpost H-1; Imperial Outpost H-2
Imperial Outpost I-1,12,Imperator's Hand,1,1,1,1,2,2,2,-1,9,Imperial Citadel Xi; Imperial Outpost I-2; Imperial Outpost I-3
Imperial Outpost I-2,12,Imperator's Hand,1,1,1,1,2,2,2,-1,9,Imperial Outpost I-1; Imperial Outpost I-3
Imperial Outpost I-3,12,Imperator's Hand,1,1,1,1,2,2,2,-1,9,Fury Base Nu; Imperial Outpost I-1; Imperial Outpost I-2
Imperial Research Station Alpha,1,Vashtae Empire,1,10,5,2,0,0,0,-1,17,Imperial Civilian Center Alpha-1; Imperial Civilian Center Alpha-2; Imperial Civilian Center Alpha-3; Imperial Civilian Center Alpha-4; Imperial Military Academy Alpha; Imperial Shipyard Alpha; Imperial Citadel Alpha
Imperial Research Station Beta,1,Vashtae Empire,1,10,5,2,0,0,0,-1,17,Imperial Civilian Center Beta-1; Imperial Civilian Center Beta-2; Imperial Civilian Center Beta-3; Imperial Civilian Center Beta-4; Imperial Military Academy Beta; Imperial Shipyard Beta; Imperial Citadel Beta
Imperial Research Station Chi,1,Vashtae Empire,1,10,5,2,0,0,0,-1,17,Imperial Civilian Center Chi-1; Imperial Civilian Center Chi-2; Imperial Civilian Center Chi-3; Imperial Civilian Center Chi-4; Imperial Military Academy Chi; Imperial Shipyard Chi; Imperial Citadel Chi
Imperial Research Station Delta,1,Vashtae Empire,1,10,5,2,0,0,0,-1,17,Imperial Civilian Center Delta-1; Imperial Civilian Center Delta-2; Imperial Civilian Center Delta-3; Imperial Civilian Center Delta-4; Imperial Military Academy Delta; Imperial Shipyard Delta; Imperial Citadel Delta
Imperial Research Station Epsilon,1,Vashtae Empire,1,10,5,2,0,0,0,-1,17,Imperial Civilian Center Epsilon-1; Imperial Civilian Center Epsilon-2; Imperial Civilian Center Epsilon-3; Imperial Civilian Center Epsilon-4; Imperial Military Academy Epsilon; Imperial Shipyard Epsilon; Imperial Citadel Epsilon
Imperial Research Station Eta,1,Republic of Caedis,1,10,5,2,0,0,0,-1,17,Imperial Civilian Center Eta-1; Imperial Civilian Center Eta-2; Imperial Civilian Center Eta-3; Imperial Civilian Center Eta-4; Imperial Military Academy Eta; Imperial Shipyard Eta; Imperial Citadel Eta; Yor
Imperial Research Station Gamma,1,Vashtae Empire,1,10,5,2,0,0,0,-1,17,Imperial Civilian Center Gamma-1; Imperial Civilian Center Gamma-2; Imperial Civilian Center Gamma-3; Imperial Civilian Center Gamma-4; Imperial Military Academy Gamma; Imperial Shipyard Gamma; Imperial Citadel Gamma
Imperial Research Station Iota,1,Republic of Caedis,1,10,5,2,0,0,0,-1,17,Imperial Civilian Center Iota-1; Imperial Civilian Center Iota-2; Imperial Civilian Center Iota-3; Imperial Civilian Center Iota-4; Imperial Military Academy Iota; Imperial Shipyard Iota; Imperial Citadel Iota; Quairanya
Imperial Research Station Kappa,1,Republic of Caedis,1,10,5,2,0,0,0,-1,17,Imperial Civilian Center Kappa-1; Imperial Civilian Center Kappa-2; Imperial Civilian Center Kappa-3; Imperial Civilian Center Kappa-4; Imperial Military Academy Kappa; Imperial Shipyard Kappa; Imperial Citadel Kappa; Yb'Barg
Imperial Research Station Lambda,1,Republic of Caedis,1,10,5,2,0,0,0,-1,17,Imperial Civilian Center Lambda-1; Imperial Civilian Center Lambda-2; Imperial Civilian Center Lambda-3; Imperial Civilian Center Lambda-4; Imperial Military Academy Lambda; Imperial Shipyard Lambda; Imperial Citadel Lambda; Yb'Barg
Imperial Research Station Mu,1,Republic of Caedis,1,10,5,2,0,0,0,-1,17,Imperial Civilian Center Mu-1; Imperial Civilian Center Mu-2; Imperial Civilian Center Mu-3; Imperial Civilian Center Mu-4; Imperial Military Academy Mu; Imperial Shipyard Mu; Imperial Citadel Mu; Nahg
Imperial Research Station Nu,1,Republic of Caedis,1,10,5,2,0,0,0,-1,17,Imperial Civilian Center Nu-1; Imperial Civilian Center Nu-2; Imperial Civilian Center Nu-3; Imperial Civilian Center Nu-4; Imperial Military Academy Nu; Imperial Shipyard Nu; Imperial Citadel Nu; Nahg
Imperial Research Station Omega,1,Vashtae Empire,1,10,5,2,0,0,0,-1,17,Imperial Civilian Center Omega-1; Imperial Civilian Center Omega-2; Imperial Civilian Center Omega-3; Imperial Civilian Center Omega-4; Imperial Military Academy Omega; Imperial Shipyard Omega; Imperial Citadel Omega
Imperial Research Station Omicron,1,Republic of Caedis,1,10,5,2,0,0,0,-1,17,Imperial Civilian Center Omicron-1; Imperial Civilian Center Omicron-2; Imperial Civilian Center Omicron-3; Imperial Civilian Center Omicron-4; Imperial Military Academy Omicron; Imperial Shipyard Omicron; Imperial Citadel Omicron
Imperial Research Station Phi,1,Vashtae Empire,1,10,5,2,0,0,0,-1,17,Imperial Civilian Center Phi-1; Imperial Civilian Center Phi-2; Imperial Civilian Center Phi-3; Imperial Civilian Center Phi-4; Imperial Military Academy Phi; Imperial Shipyard Phi; Imperial Citadel Phi
Imperial Research Station Pi,1,Republic of Caedis,1,10,5,2,0,0,0,-1,17,Imperial Civilian Center Pi-1; Imperial Civilian Center Pi-2; Imperial Civilian Center Pi-3; Imperial Civilian Center Pi-4; Imperial Military Academy Pi; Imperial Shipyard Pi; Imperial Citadel Pi; Reszka
Imperial Research Station Psi,1,Vashtae Empire,1,10,5,2,0,0,0,-1,17,Imperial Civilian Center Psi-1; Imperial Civilian Center Psi-2; Imperial Civilian Center Psi-3; Imperial Civilian Center Psi-4; Imperial Military Academy Psi; Imperial Shipyard Psi; Imperial Citadel Psi
Imperial Research Station Rho,1,Republic of Caedis,1,10,5,2,0,0,0,-1,17,Imperial Civilian Center Rho-1; Imperial Civilian Center Rho-2; Imperial Civilian Center Rho-3; Imperial Civilian Center Rho-4; Imperial Military Academy Rho; Imperial Shipyard Rho; Imperial Citadel Rho; Reszka
Imperial Research Station Sigma,1,Republic of Caedis,1,10,5,2,0,0,0,-1,17,Imperial Civilian Center Sigma-1; Imperial Civilian Center Sigma-2; Imperial Civilian Center Sigma-3; Imperial Civilian Center Sigma-4; Imperial Military Academy Sigma; Imperial Shipyard Sigma; Imperial Citadel Sigma; Sumosi
Imperial Research Station Tau,1,Republic of Caedis,1,10,5,2,0,0,0,-1,17,Imperial Civilian Center Tau-1; Imperial Civilian Center Tau-2; Imperial Civilian Center Tau-3; Imperial Civilian Center Tau-4; Imperial Military Academy Tau; Imperial Shipyard Tau; Imperial Citadel Tau
Imperial Research Station Theta,1,Republic of Caedis,1,10,5,2,0,0,0,-1,17,Imperial Civilian Center Theta-1; Imperial Civilian Center Theta-2; Imperial Civilian Center Theta-3; Imperial Civilian Center Theta-4; Imperial Military Academy Theta; Imperial Shipyard Theta; Imperial Citadel Theta; Quairanya
Imperial Research Station Upsilon,1,Vashtae Empire,1,10,5,2,0,0,0,-1,17,Imperial Civilian Center Upsilon-1; Imperial Civilian Center Upsilon-2; Imperial Civilian Center Upsilon-3; Imperial Civilian Center Upsilon-4; Imperial Military Academy Upsilon; Imperial Shipyard Upsilon; Imperial Citadel Upsilon
Imperial Research Station Xi,1,Republic of Caedis,1,10,5,2,0,0,0,-1,17,Imperial Civilian Center Xi-1; Imperial Civilian Center Xi-2; Imperial Civilian Center Xi-3; Imperial Civilian Center Xi-4; Imperial Military Academy Xi; Imperial Shipyard Xi; Imperial Citadel Xi; Harrka
Imperial Research Station Zeta,1,Vashtae Empire,1,10,5,2,0,0,0,-1,17,Imperial Civilian Center Zeta-1; Imperial Civilian Center Zeta-2; Imperial Civilian Center Zeta-3; Imperial Civilian Center Zeta-4; Imperial Military Academy Zeta; Imperial Shipyard Zeta; Imperial Citadel Zeta
Imperial Shipyard Alpha,1,Vashtae Empire,1,5,0,2,10,0,0,-1,17,Imperial Civilian Center Alpha-1; Imperial Civilian Center Alpha-2; Imperial Civilian Center Alpha-3; Imperial Civilian Center Alpha-4; Imperial Military Academy Alpha; Imperial Research Station Alpha; Imperial Citadel Alpha
Imperial Shipyard Beta,1,Vashtae Empire,1,5,0,2,10,0,0,-1,17,Imperial Civilian Center Beta-1; Imperial Civilian Center Beta-2; Imperial Civilian Center Beta-3; Imperial Civilian Center Beta-4; Imperial Military Academy Beta; Imperial Research Station Beta; Imperial Citadel Beta
Imperial Shipyard Chi,1,Vashtae Empire,1,5,0,2,10,0,0,-1,17,Imperial Civilian Center Chi-1; Imperial Civilian Center Chi-2; Imperial Civilian Center Chi-3; Imperial Civilian Center Chi-4; Imperial Military Academy Chi; Imperial Research Station Chi; Imperial Citadel Chi
Imperial Shipyard Delta,1,Vashtae Empire,1,5,0,2,10,0,0,-1,17,Imperial Civilian Center Delta-1; Imperial Civilian Center Delta-2; Imperial Civilian Center Delta-3; Imperial Civilian Center Delta-4; Imperial Military Academy Delta; Imperial Research Station Delta; Imperial Citadel Delta
Imperial Shipyard Epsilon,1,Vashtae Empire,1,5,0,2,10,0,0,-1,17,Imperial Civilian Center Epsilon-1; Imperial Civilian Center Epsilon-2; Imperial Civilian Center Epsilon-3; Imperial Civilian Center Epsilon-4; Imperial Military Academy Epsilon; Imperial Research Station Epsilon; Imperial Citadel Epsilon
Imperial Shipyard Eta,1,Republic of Caedis,1,5,0,2,10,0,0,-1,17,Imperial Civilian Center Eta-1; Imperial Civilian Center Eta-2; Imperial Civilian Center Eta-3; Imperial Civilian Center Eta-4; Imperial Military Academy Eta; Imperial Research Station Eta; Imperial Citadel Eta
Imperial Shipyard Gamma,1,Vashtae Empire,1,5,0,2,10,0,0,-1,17,Imperial Civilian Center Gamma-1; Imperial Civilian Center Gamma-2; Imperial Civilian Center Gamma-3; Imperial Civilian Center Gamma-4; Imperial Military Academy Gamma; Imperial Research Station Gamma; Imperial Citadel Gamma
Imperial Shipyard Iota,1,Republic of Caedis,1,5,0,2,10,0,0,-1,17,Imperial Civilian Center Iota-1; Imperial Civilian Center Iota-2; Imperial Civilian Center Iota-3; Imperial Civilian Center Iota-4; Imperial Military Academy Iota; Imperial Research Station Iota; Imperial Citadel Iota
Imperial Shipyard Kappa,1,Republic of Caedis,1,5,0,2,10,0,0,-1,17,Imperial Civilian Center Kappa-1; Imperial Civilian Center Kappa-2; Imperial Civilian Center Kappa-3; Imperial Civilian Center Kappa-4; Imperial Military Academy Kappa; Imperial Research Station Kappa; Imperial Citadel Kappa
Imperial Shipyard Lambda,1,Imperator's Hand,1,5,0,2,10,0,0,-1,17,Imperial Civilian Center Lambda-1; Imperial Civilian Center Lambda-2; Imperial Civilian Center Lambda-3; Imperial Civilian Center Lambda-4; Imperial Military Academy Lambda; Imperial Research Station Lambda; Imperial Citadel Lambda
Imperial Shipyard Mu,1,Imperator's Hand,1,5,0,2,10,0,0,-1,17,Imperial Civilian Center Mu-1; Imperial Civilian Center Mu-2; Imperial Civilian Center Mu-3; Imperial Civilian Center Mu-4; Imperial Military Academy Mu; Imperial Research Station Mu; Imperial Citadel Mu
Imperial Shipyard Nu,1,Imperator's Hand,1,5,0,2,10,0,0,-1,17,Imperial Civilian Center Nu-1; Imperial Civilian Center Nu-2; Imperial Civilian Center Nu-3; Imperial Civilian Center Nu-4; Imperial Military Academy Nu; Imperial Research Station Nu; Imperial Citadel Nu
Imperial Shipyard Omega,1,Vashtae Empire,1,5,0,2,10,0,0,-1,17,Imperial Civilian Center Omega-1; Imperial Civilian Center Omega-2; Imperial Civilian Center Omega-3; Imperial Civilian Center Omega-4; Imperial Military Academy Omega; Imperial Research Station Omega; Imperial Citadel Omega
Imperial Shipyard Omicron,1,Imperator's Hand,1,5,0,2,10,0,0,-1,17,Imperial Civilian Center Omicron-1; Imperial Civilian Center Omicron-2; Imperial Civilian Center Omicron-3; Imperial Civilian Center Omicron-4; Imperial Military Academy Omicron; Imperial Research Station Omicron; Imperial Citadel Omicron
Imperial Shipyard Phi,1,Vashtae Empire,1,5,0,2,10,0,0,-1,17,Imperial Civilian Center Phi-1; Imperial Civilian Center Phi-2; Imperial Civilian Center Phi-3; Imperial Civilian Center Phi-4; Imperial Military Academy Phi; Imperial Research Station Phi; Imperial Citadel Phi
Imperial Shipyard Pi,1,Imperator's Hand,1,5,0,2,10,0,0,-1,17,Imperial Civilian Center Pi-1; Imperial Civilian Center Pi-2; Imperial Civilian Center Pi-3; Imperial Civilian Center Pi-4; Imperial Military Academy Pi; Imperial Research Station Pi; Imperial Citadel Pi
Imperial Shipyard Psi,1,Vashtae Empire,1,5,0,2,10,0,0,-1,17,Imperial Civilian Center Psi-1; Imperial Civilian Center Psi-2; Imperial Civilian Center Psi-3; Imperial Civilian Center Psi-4; Imperial Military Academy Psi; Imperial Research Station Psi; Imperial Citadel Psi
Imperial Shipyard Rho,1,Imperator's Hand,1,5,0,2,10,0,0,-1,17,Imperial Civilian Center Rho-1; Imperial Civilian Center Rho-2; Imperial Civilian Center Rho-3; Imperial Civilian Center Rho-4; Imperial Military Academy Rho; Imperial Research Station Rho; Imperial Citadel Rho
Imperial Shipyard Sigma,1,Imperator's Hand,1,5,0,2,10,0,0,-1,17,Imperial Civilian Center Sigma-1; Imperial Civilian Center Sigma-2; Imperial Civilian Center Sigma-3; Imperial Civilian Center Sigma-4; Imperial Military Academy Sigma; Imperial Research Station Sigma; Imperial Citadel Sigma
Imperial Shipyard Tau,1,Imperator's Hand,1,5,0,2,10,0,0,-1,17,Imperial Civilian Center Tau-1; Imperial Civilian Center Tau-2; Imperial Civilian Center Tau-3; Imperial Civilian Center Tau-4; Imperial Military Academy Tau; Imperial Research Station Tau; Imperial Citadel Tau
Imperial Shipyard Theta,1,Republic of Caedis,1,5,0,2,10,0,0,-1,17,Imperial Civilian Center Theta-1; Imperial Civilian Center Theta-2; Imperial Civilian Center Theta-3; Imperial Civilian Center Theta-4; Imperial Military Academy Theta; Imperial Research Station Theta; Imperial Citadel Theta
Imperial Shipyard Upsilon,1,Vashtae Empire,1,5,0,2,10,0,0,-1,17,Imperial Civilian Center Upsilon-1; Imperial Civilian Center Upsilon-2; Imperial Civilian Center Upsilon-3; Imperial Civilian Center Upsilon-4; Imperial Military Academy Upsilon; Imperial Research Station Upsilon; Imperial Citadel Upsilon
Imperial Shipyard Xi,1,Imperator's Hand,1,5,0,2,10,0,0,-1,17,Imperial Civilian Center Xi-1; Imperial Civilian Center Xi-2; Imperial Civilian Center Xi-3; Imperial Civilian Center Xi-4; Imperial Military Academy Xi; Imperial Research Station Xi; Imperial Citadel Xi
Imperial Shipyard Zeta,1,Vashtae Empire,1,5,0,2,10,0,0,-1,17,Imperial Civilian Center Zeta-1; Imperial Civilian Center Zeta-2; Imperial Civilian Center Zeta-3; Imperial Civilian Center Zeta-4; Imperial Military Academy Zeta; Imperial Research Station Zeta; Imperial Citadel Zeta
Invidia,1,Imperator's Hand,3,2,2,1,10,5,2,-2,23,Imperial Citadel Rho; Imperial Citadel Sigma; Ira; Reszka; Sumosi; Clypeum; Earth; Nexus Station; Alpha Hub; Volcano Shipyards
Ira,1,Imperator's Hand,3,2,2,1,10,5,2,-2,23,Imperial Citadel Omicron; Imperial Citadel Pi; Ignis; Harrka; Reszka; Invidia; Earth; Nexus Station; Alpha Hub; Volcano Shipyards
KFG Farm A,3,KFG Consortium,0,0,0,0,0,0,3,-1,2,KFG Research Hub 1; KFG Research Hub 2; KFG Research Hub 3; KFG Research Hub 4; KFG Research Hub 5
KFG Farm B,3,KFG Consortium,0,0,0,0,0,0,3,-1,2,Fury Base Lambda; KFG Farm C; KFG Farm D; KFG Farm E; KFG Farm F; KFG HR Station 1; KFG Mining Outpost 1
KFG Farm C,3,KFG Consortium,0,0,0,0,0,0,3,-1,2,Fury Base Lambda; KFG Farm B; KFG Farm D; KFG Farm E; KFG Farm F; KFG HR Station 1; KFG Mining Outpost 1
KFG Farm D,3,KFG Consortium,0,0,0,0,0,0,3,-1,2,KFG Farm B; KFG Farm C; KFG Farm E; KFG Farm F; KFG HR Station 1; KFG Mining Outpost 1
KFG Farm E,3,KFG Consortium,0,0,0,0,0,0,3,-1,2,KFG Farm B; KFG Farm C; KFG Farm D; KFG Farm F; KFG HR Station 1; KFG Mining Outpost 1
KFG Farm F,3,KFG Consortium,0,0,0,0,0,0,3,-1,2,KFG Farm B; KFG Farm C; KFG Farm D; KFG Farm E; KFG HR Station 1; KFG Mining Outpost 1
KFG Farm G,3,KFG Consortium,0,0,0,0,0,0,3,-1,2,KFG Farm H; KFG Farm I; KFG Farm J; KFG Farm K; KFG HR Station 2; KFG Mining Outpost 2
KFG Farm H,3,KFG Consortium,0,0,0,0,0,0,3,-1,2,KFG Farm G; KFG Farm I; KFG Farm J; KFG Farm K; KFG HR Station 2; KFG Mining Outpost 2
KFG Farm I,3,KFG Consortium,0,0,0,0,0,0,3,-1,2,KFG Farm G; KFG Farm H; KFG Farm J; KFG Farm K; KFG HR Station 2; KFG Mining Outpost 2
KFG Farm J,3,KFG Consortium,0,0,0,0,0,0,3,-1,2,KFG Farm G; KFG Farm H; KFG Farm I; KFG Farm K; KFG HR Station 2; KFG Mining Outpost 2
KFG Farm K,3,KFG Consortium,0,0,0,0,0,0,3,-1,2,KFG Farm G; KFG Farm H; KFG Farm I; KFG Farm J; KFG HR Station 2; KFG Mining Outpost 2
KFG Farm L,3,KFG Consortium,0,0,0,0,0,0,3,-1,2,KFG Farm M; KFG Farm N; KFG Farm O; KFG Farm P; KFG HR Station 3; KFG Mining Outpost 3
KFG Farm M,3,KFG Consortium,0,0,0,0,0,0,3,-1,2,KFG Farm L; KFG Farm N; KFG Farm O; KFG Farm P; KFG HR Station 3; KFG Mining Outpost 3
KFG Farm N,3,KFG Consortium,0,0,0,0,0,0,3,-1,2,KFG Farm L; KFG Farm M; KFG Farm O; KFG Farm P; KFG HR Station 3; KFG Mining Outpost 3
KFG Farm O,3,KFG Consortium,0,0,0,0,0,0,3,-1,2,KFG Farm L; KFG Farm M; KFG Farm N; KFG Farm P; KFG HR Station 3; KFG Mining Outpost 3
KFG Farm P,3,KFG Consortium,0,0,0,0,0,0,3,-1,2,KFG Farm L; KFG Farm M; KFG Farm N; KFG Farm O; KFG HR Station 3; KFG Mining Outpost 3
KFG Farm Q,3,KFG Consortium,0,0,0,0,0,0,3,-1,2,KFG Farm R; KFG Farm S; KFG Farm T; KFG Farm U; KFG HR Station 4; KFG Mining Outpost 4
KFG Farm R,3,KFG Consortium,0,0,0,0,0,0,3,-1,2,KFG Farm Q; KFG Farm S; KFG Farm T; KFG Farm U; KFG HR Station 4; KFG Mining Outpost 4
KFG Farm S,3,KFG Consortium,0,0,0,0,0,0,3,-1,2,KFG Farm Q; KFG Farm S; KFG Farm T; KFG Farm U; KFG HR Station 4; KFG Mining Outpost 4
KFG Farm T,3,KFG Consortium,0,0,0,0,0,0,3,-1,2,KFG Farm Q; KFG Farm R; KFG Farm S; KFG Farm U; KFG HR Station 4; KFG Mining Outpost 4
KFG Farm U,3,KFG Consortium,0,0,0,0,0,0,3,-1,2,KFG Farm Q; KFG Farm R; KFG Farm S; KFG Farm T; KFG HR Station 4; KFG Mining Outpost 4
KFG Farm V,3,KFG Consortium,0,0,0,0,0,0,3,-1,2,KFG Farm W; KFG Farm X; KFG Farm Y; KFG Farm Z; KFG HR Station 5; KFG Mining Outpost 5
KFG Farm W,3,KFG Consortium,0,0,0,0,0,0,3,-1,2,KFG Farm V; KFG Farm X; KFG Farm Y; KFG Farm Z; KFG HR Station 5; KFG Mining Outpost 5
KFG Farm X,3,KFG Consortium,0,0,0,0,0,0,3,-1,2,KFG Farm V; KFG Farm W; KFG Farm Y; KFG Farm Z; KFG HR Station 5; KFG Mining Outpost 5
KFG Farm Y,3,KFG Consortium,0,0,0,0,0,0,3,-1,2,KFG Farm V; KFG Farm W; KFG Farm X; KFG Farm Z; KFG HR Station 5; KFG Mining Outpost 5
KFG Farm Z,3,KFG Consortium,0,0,0,0,0,0,3,-1,2,KFG Farm V; KFG Farm W; KFG Farm X; KFG Farm Y; KFG HR Station 5; KFG Mining Outpost 5
KFG HR Station 1,3,KFG Consortium,3,2,1,1,0,5,0,-1,11,KFG Farm B; KFG Farm C; KFG Farm D; KFG Farm E; KFG Farm F; KFG HR Station 2; KFG HR Station 5; KFG Mining Outpost 1; KFG Research Hub 1; Imperial Outpost G-3; Phoenix Research Station 5; Zeo
KFG HR Station 2,3,KFG Consortium,3,2,1,1,0,5,0,-1,11,KFG Farm G; KFG Farm H; KFG Farm I; KFG Farm J; KFG Farm K; KFG HR Station 1; KFG HR Station 3; KFG Mining World 2; KFG Research Hub 2
KFG HR Station 3,3,KFG Consortium,3,2,1,1,0,5,0,-1,11,KFG Farm L; KFG Farm M; KFG Farm N; KFG Farm O; KFG Farm P; KFG HR Station 2; KFG HR Station 4; KFG Mining Outpost 3; KFG Research Hub 3; Port of Contact 3
KFG HR Station 4,3,KFG Consortium,3,2,1,1,0,5,0,-1,11,KFG Farm Q; KFG Farm R; KFG Farm S; KFG Farm T; KFG Farm U; KFG HR Station 3; KFG HR Station 5; KFG Mining Outpost 4; KFG Research Hub 4
KFG HR Station 5,3,KFG Consortium,3,2,1,1,0,5,0,-1,11,KFG Farm V; KFG Farm W; KFG Farm X; KFG Farm Y; KFG Farm Z; KFG HR Station 1; KFG HR Station 4; KFG Mining Outpost 5; KFG Research Hub 5
KFG Mining Outpost 1,3,KFG Consortium,1,1,0,2,5,1,0,-1,9,Fury Base Lambda; KFG Farm B; KFG Farm C; KFG Farm D; KFG Farm E; KFG Farm F; KFG HR Station 1
KFG Mining Outpost 2,3,KFG Consortium,1,1,0,2,5,1,0,-1,9,KFG Farm G; KFG Farm H; KFG Farm I; KFG Farm J; KFG Farm K; KFG HR Station 2
KFG Mining Outpost 3,3,KFG Consortium,1,1,0,2,5,1,0,-1,9,KFG Farm L; KFG Farm M; KFG Farm N; KFG Farm O; KFG Farm P; KFG HR Station 3
KFG Mining Outpost 4,3,KFG Consortium,1,1,0,2,5,1,0,-1,9,KFG Farm Q; KFG Farm R; KFG Farm S; KFG Farm T; KFG Farm U; KFG HR Station 4
KFG Mining Outpost 5,3,KFG Consortium,1,1,0,2,5,1,0,-1,9,KFG Farm V; KFG Farm W; KFG Farm X; KFG Farm Y; KFG Farm Z; KFG HR Station 5
KFG Research Hub 1,3,KFG Consortium,4,10,3,3,2,1,0,-1,22,KFG Farm A; KFG HR Station 1; KFG Research Hub 2; KFG Research Hub 5; [Imperial Prime] Nexus Station; Villa
KFG Research Hub 2,3,KFG Consortium,4,10,3,3,2,1,0,-1,22,KFG Farm A; KFG HR Station 2; KFG Research Hub 1; KFG Research Hub 3
KFG Research Hub 3,3,KFG Consortium,4,10,3,3,2,1,0,-1,22,KFG Farm A; KFG HR Station 3; KFG Research Hub 2; KFG Research Hub 4
KFG Research Hub 4,3,KFG Consortium,4,10,3,3,2,1,0,-1,22,KFG Farm A; KFG HR Station 4; KFG Research Hub 3; KFG Research Hub 5
KFG Research Hub 5,3,KFG Consortium,4,10,3,3,2,1,0,-1,22,KFG Farm A; KFG HR Station 5; KFG Research Hub 1; KFG Research Hub 4
Khi Tasira,12,Vashtae Empire,5,20,0,0,5,0,0,0,30,Nexus Station
Lao-mon 2,8,Phoenix,1,2,0,0,1,2,3,-1,8,Phoenix Communication Hub 2; Phoenix Research Station 2
Leirrah,1,Vashtae Empire,3,3,2,5,2,5,5,-2,23,Imperial Citadel Alpha; Imperial Citadel Beta; Erosia; Myria; Orolin; Earth; Nexus Station; Alpha Hub; Volcano Shipyards
Lira San,7,Phoenix,3,3,1,2,2,2,1,-1,13,Phoenix Communication Hub 1; Phoenix Research Station 1
Lira San 2,8,Phoenix,2,3,0,2,2,2,1,-1,11,Phoenix Communication Hub 2; Phoenix Research Station 2
Lira San 3,9,Phoenix,2,3,0,1,2,1,1,-1,9,Phoenix Communication Hub 3; Phoenix Research Station 3
Mecha-Genesis,5,Hand of the Nagus,2,3,0,3,10,0,0,0,18,Beta Hub; Cluster001 - Military Academy; Cluster002 - Military Academy
Myria,1,Vashtae Empire,10,2,20,5,2,3,5,-2,45,Villa; Umbra; Orolin; Leirrah; Erosia; Earth; Nexus Station; Alpha Hub; Volcano Shipyards
Nahg,1,Republic of Caedis,2,1,2,1,10,5,1,-2,20,The Colonies; Harrka; Ignis; Aecor; Yb'Barg; Imperial Research Station Nu; Imperial Research Station Mu
New Cylonia,8,Hand of the Nagus,10,10,3,10,4,4,2,-3,40,Nexus Station; Beta Hub; Reclaimed Risa
Nexus Station,1,Vashtae Empire,20,10,5,10,1,0,0,-1,45,Myria; Clypeum; Umbra; Orolin; Leirrah; Erosia; Concinnae; Savitas; Vellia; Aecor; Ignis; Ira; Invidia; The Colonies; Villa; Earth 2; Earth 3; KFG Research Hub 1; New Cylonia; Asgard; Khi Tasira; Port of Contact 1; Temple of Caedis
Orcus,4,Fury Shadow Ascendancy,3,6,6,2,6,3,3,-3,26,Abyssus; Fury Base Alpha; Fury Base Zeta; Hades; Tartarus
Orolin,1,Imperator's Hand,5,5,3,1,5,20,3,-3,39,Imperial Citadel Psi; Imperial Citadel Omega; Umbra; Myria; Leirrah; Earth; Nexus Station; Alpha Hub; Volcano Shipyards
Phoenix Communication Hub 1,7,Phoenix,1,1,0,2,0,2,0,-1,5,Lira San; Phoenix Communication Hub 2; Phoenix Communication Hub 3; Phoenix Communication Hub 4; Phoenix Communication Hub 5; Phoenix Research Station 1
Phoenix Communication Hub 2,8,Phoenix,1,1,0,2,0,2,0,-1,5,Lira San 2; Lao-mon 2; Phoenix Research Station 2
Phoenix Communication Hub 3,9,Phoenix,1,1,0,2,0,2,0,-1,5,Fury Base Tau; Imperial Outpost A-2; Lira San 3; Phoenix Communication Hub 1; Phoenix Research Station 3;
Phoenix Communication Hub 4,10,Phoenix,1,1,0,2,0,2,0,-1,5,Phoenix Research Station 4; Phoenix Communication Hub 1
Phoenix Communication Hub 5,3,Phoenix,1,1,0,2,0,2,0,-1,5,Phoenix Research Station 5; Phoenix Communication Hub 1
Phoenix Research Station 1,7,Phoenix,0,5,1,0,0,0,0,-1,5,Lira San; Phoenix Communication Hub 1
Phoenix Research Station 2,8,Phoenix,0,5,1,0,0,0,0,-1,5,Lira San 2; Lao-mon 2; Phoenix Communication Hub 2
Phoenix Research Station 3,9,Phoenix,0,5,1,0,0,0,0,-1,5,Blackforge 7; Lira San 3; Phoenix Communication Hub 3; Renewal Station 07
Phoenix Research Station 4,10,Phoenix,0,5,1,0,0,0,0,-1,5,Phoenix Communication Hub 4
Phoenix Research Station 5,3,Phoenix,0,5,1,0,0,0,0,-1,5,KFG HR Station 1; Phoenix Communication Hub 5
Port of Contact 1,6,Universal,3,1,1,5,0,0,0,-1,9,Dyson Sphere 2; Dyson Sphere 3; Nexus Station; Temple of Caedis
Port of Contact 2,6,Universal,3,1,1,5,0,0,0,-1,9,Dyson Sphere 6; Dyson Sphere 7; Temple of Venator
Port of Contact 3,6,Universal,3,1,1,5,0,0,0,-1,9,Dyson Sphere 10; Dyson Sphere 11; KFG HR Station 3; Shieldworld 03
Port of Contact 4,6,Universal,3,1,1,5,0,0,0,-1,9,Dyson Sphere 14; Dyson Sphere 15
Port of Contact 5,6,Universal,3,1,1,5,0,0,0,-1,9,Dyson Sphere 18; Dyson Sphere 19
Quairanya,1,Republic of Caedis,2,5,0,3,5,3,4,-2,20,Imperial Research Station Iota; Imperial Research Station Theta; Vellia; Yb'Barg; Savitas; Yor; The Colonies
Queensland,2,Dark Empire,5,0,10,5,2,2,5,-2,27,Blackhold
Reclaimed Risa,5,Hand of the Nagus,5,2,3,3,0,1,1,-2,13,New Cylonia
Renewal Station 01,2,Empire Reborn,1,5,1,1,5,2,1,-1,15,Adamant; Renewal Station 03; Renewal Station 05; Renewal Station 07; Renewal Station 09
Renewal Station 02,2,Empire Reborn,1,5,1,1,5,2,1,-1,15,Adamant; Renewal Station 04; Renewal Station 06; Renewal Station 08; Renewal Station 10
Renewal Station 03,2,Empire Reborn,1,5,1,1,5,2,1,-1,15,Evermore; Renewal Station 01; Renewal Station 05; Renewal Station 07; Renewal Station 09
Renewal Station 04,2,Empire Reborn,1,5,1,1,5,2,1,-1,15,Evermore; Renewal Station 02; Renewal Station 06; Renewal Station 08; Renewal Station 10
Renewal Station 05,2,Empire Reborn,1,5,1,1,5,2,1,-1,15,Imperial Citadel Psi; Renewal Station 01; Renewal Station 03; Renewal Station 06; Renewal Station 07; Renewal Station 09
Renewal Station 06,2,Empire Reborn,1,5,1,1,5,2,1,-1,15,Imperial Citadel Gamma; Renewal Station 02; Renewal Station 04; Renewal Station 05; Renewal Station 08; Renewal Station 10
Renewal Station 07,2,Empire Reborn,1,5,1,1,5,2,1,-1,15,Fury Base Epsilon; Fury Base Kappa; Earth 3; Imperial Citadel Epsilon; Imperial Outpost A-3; Phoenix Research Station 3; Renewal Station 01; Renewal Station 03; Renewal Station 05; Renewal Station 08; Renewal Station 09
Renewal Station 08,2,Empire Reborn,1,5,1,1,5,2,1,-1,15,Imperial Citadel Eta; Renewal Station 02; Renewal Station 04; Renewal Station 06; Renewal Station 07; Renewal Station 10
Renewal Station 09,2,Empire Reborn,1,5,1,1,5,2,1,-1,15,Imperial Citadel Iota; Renewal Station 01; Renewal Station 03; Renewal Station 05; Renewal Station 07
Renewal Station 10,2,Empire Reborn,1,5,1,1,5,2,1,-1,15,Imperial Citadel Lambda; Renewal Station 02; Renewal Station 04; Renewal Station 06; Renewal Station 08
Reszka,1,Republic of Caedis,2,4,0,2,5,2,2,-2,15,Imperial Research Station Omicron; Imperial Research Station Xi; Ignis; Nahg; Ira; Reszka; The Colonies
Savitas,1,Republic of Caedis,2,5,1,2,2,2,5,-2,17,Imperial Citadel Eta; Imperial Citadel Theta; Vellia; Quairanya; Yor; Concinnae; Earth; Nexus Station; Alpha Hub; Volcano Shipyards
Sheol,4,Fury Shadow Ascendancy,3,6,6,2,6,3,3,-3,26,Abyssus; Fury Base Beta; Gehenna; Tartarus
Sumosi,1,Republic of Caedis,1,1,0,1,4,5,5,-2,15,Imperial Research Station Sigma; Imperial Research Station Tau; Clypeum; Yor; Invidia; Reszka; The Colonies
Tartarus,4,Fury Shadow Ascendancy,3,6,6,2,6,3,3,-3,26,Abyssus; Fury Base Theta; Orcus; Sheol
Temple of Caedis,1,Universal,10,0,10,5,0,0,0,0,25,Port of Contact 1; Earth; Nexus Station; Alpha Hub; Volcano Shipyards
Temple of Venator,8,Universal,5,0,5,3,0,0,0,0,13,Port of Contact 2
The Colonies,1,Republic of Caedis,5,5,0,5,10,10,5,-3,37,Sumosi; Reszka; Harrka; Nahg; Yb'Barg; Quairanya; Yor; Earth; Nexus Station; Alpha Hub; Volcano Shipyards
The Grand Ark,2,Empire Reborn,10,20,5,0,10,20,10,-5,70,Adamant; Evermore
Umbra,1,Imperator's Hand,5,10,5,2,2,5,0,-1,28,Imperial Citadel Phi; Imperial Citadel Chi; Orolin; Myria; Clypeum; Earth; Nexus Station; Alpha Hub; Volcano Shipyards
Universal Brain Node 1,6,Universal,3,3,0,0,0,0,1,-1,6,Dyson Sphere 1; Universal Brain Node 2; Universal Brain Node 10
Universal Brain Node 10,6,Universal,3,3,0,0,0,0,1,-1,6,Dyson Sphere 20; Universal Brain Node 1; Universal Brain Node 9
Universal Brain Node 2,6,Universal,3,3,0,0,0,0,1,-1,6,Dyson Sphere 4; Universal Brain Node 1; Universal Brain Node 3
Universal Brain Node 3,6,Universal,3,3,0,0,0,0,1,-1,6,Dyson Sphere 5; Universal Brain Node 2; Universal Brain Node 4
Universal Brain Node 4,6,Universal,3,3,0,0,0,0,1,-1,6,Dyson Sphere 8; Universal Brain Node 3; Universal Brain Node 5
Universal Brain Node 5,6,Universal,3,3,0,0,0,0,1,-1,6,Dyson Sphere 9; Universal Brain Node 4; Universal Brain Node 6
Universal Brain Node 6,6,Universal,3,3,0,0,0,0,1,-1,6,Dyson Sphere 12; Universal Brain Node 5; Universal Brain Node 7
Universal Brain Node 7,6,Universal,3,3,0,0,0,0,1,-1,6,Dyson Sphere 13; Universal Brain Node 6; Universal Brain Node 8
Universal Brain Node 8,6,Universal,3,3,0,0,0,0,1,-1,6,Dyson Sphere 16; Universal Brain Node 7; Universal Brain Node 9
Universal Brain Node 9,6,Universal,3,3,0,0,0,0,1,-1,6,Dyson Sphere 17; Universal Brain Node 8; Universal Brain Node 10
Vellia,1,Republic of Caedis,2,2,0,2,2,2,10,-2,18,Imperial Citadel Iota; Imperial Citadel Kappa; Aecor; Yb'Barg; Savitas; Quairanya; Earth; Nexus Station; Alpha Hub; Volcano Shipyards
Villa,3,Vashtae Empire,10,10,5,10,5,5,3,-3,45,Earth 2; Imperial Outpost G-2; KFG Research Hub 1; Labor Colony Phi; Myria; Nexus Station
Volcano Shipyards,1,Imperator's Hand,10,10,0,0,30,0,0,-5,45,Myria; Clypeum; Umbra; Orolin; Leirrah; Erosia; Concinnae; Savitas; Vellia; Aecor; Ignis; Ira; Invidia; The Colonies; Temple of Caedis
Yb'Barg,1,Republic of Caedis,2,5,0,2,3,3,3,-2,16,Imperial Research Station Kappa; Imperial Research Station Lambda; Aecor; Vellia; Nahg; Quairanya; The Colonies
Yor,1,Republic of Caedis,2,5,0,2,3,3,3,-2,16,Imperial Research Station Eta; Savitas; Quairanya; Sumosi; Concinnae; The Colonies
